vd_id;keyword
0;israel
0;jewish_prayer
0;judaism
0;jewisheducation
0;jewishleadership
0;jerusalem
1;jerusalem
1;jewish
1;israel
1;holiday
1;hartman
1;reform
2;judaism
2;christianity
2;islam
2;muslim
2;jew
2;christian
2;israel
2;jerusalem
2;hartman
2;institute
4;make
4;up
4;brown
5;film
5;independent
5;film
5;short
5;film
5;experimental
5;film
5;production
5;jobs
7;anglicantv
9;anglicantv
10;anglicantv
11;trailer
13;abriendo_las_cajas
13;digital_storytelling
13;youth_stories
13;violence
13;domestic_violence
13;gangs
13;health
13;drugs
13;alcohol
14;abriendo_las_cajas
14;digital_storytelling
14;youth_stories
14;violence
14;domestic_violence
14;gangs
14;health
14;drugs
14;alcohol
15;abriendo_las_cajas
15;digital_storytelling
15;youth_stories
15;violence
15;domestic_violence
15;gangs
15;health
15;drugs
15;alcohol
16;new_age
16;world
16;joseph_patrick_moore
16;doublebass
16;strings
17;performance
17;funk
17;solo
17;joseph_patrick_moore
17;jazz
18;interview
18;joseph_patrick_moore
18;jazz
18;music
18;interviews
19;jazz
19;world
19;music
20;elephant_man
20;dancehall
20;reggae
20;jamaica
20;caribbean
22;recipes
22;cooking
24;recipe
25;cooking
25;recipes
26;summer
26;music
28;jazz
28;rock
28;swing
28;danse
28;dance
28;music
28;musique
28;webtv
28;web
28;tv
28;musicale
28;chaine
28;video
28;clip
28;live
28;festival
28;rockabilly
28;pionnier
28;jump
28;jive
30;folk
30;country
30;music
30;seattle
32;mighty
32;mike
32;saga
32;of
33;climate
33;change
33;global
33;now
33;guy
33;bill
33;peter
33;tv
33;documentary
34;dance
34;music
34;animation
35;oneminutecritic
35;fvrl
35;vancouver
35;library
35;books
35;cooking
36;fitness
37;food
37;show
37;black
37;brian
37;han
37;chef
37;mark
38;food
38;cocktail
38;spirits
38;drink
38;culinary
38;media
38;network
39;food
39;podcast
39;old
39;house
39;le
40;food
40;podcast
41;hawaii
41;maui
42;hawaii
42;maui
42;chef
42;mark
43;wales
44;gold
44;mighty
44;pirate
44;metal
44;australia
44;casino
44;gig
44;live
44;bass
44;guitar
44;drums
44;ship
44;rock
44;band
44;power
44;fight
44;beer
44;gun
44;i
45;green
45;homeless
45;metal
45;australia
45;fire
45;red
45;gig
45;show
45;rock
45;music
45;sword
46;music
46;metal
46;pirate
46;australia
46;bass
46;guitar
46;mighty
46;sword
46;comedy
46;funny
46;humor
46;future
46;boy
46;fire
46;ship
46;what
46;better
46;nerd
46;game
46;outdoors
46;great
47;food
48;robert
48;relationship
48;dating
48;eclipse
49;davidleeking
49;drums
49;hand
49;world
50;park
50;theme
50;ship
50;boat
50;davidleeking
52;baseball
53;nba
53;basketball
53;boston
53;los_angeles
53;la
53;washington
53;sports
54;public
54;display
55;atlantis
55;occult
55;dark
55;digital
55;media
56;yoga
56;get
56;exercised
56;dina
56;prioste
56;day
56;health
56;body
56;gym
56;fitness
56;pose
56;heart
56;chocolate
56;vinyasa
56;hatha
56;ashtanga
57;yoga
57;get
57;exercised
57;dina
57;prioste
57;health
57;fitness
57;beauty
57;stretch
57;flexible
57;vinyasa
57;hatha
57;ashtanga
57;comedy
57;funny
58;yoga
58;health
58;fitness
58;get_exercised
58;dina_prioste
58;stretch
58;flexible
58;beauty
58;comedy
58;funny
58;vinyasa
58;hatha
58;ashtanga
59;yoga
59;get_exercised
59;dina_prioste
59;health
59;fitness
59;beauty
59;core
59;strength
59;boat
59;pose
59;stretch
59;flexible
59;vinyasa
59;hatha
59;ashtanga
59;comedy
59;funny
60;yoga
60;get_exercised
60;dina_prioste
60;breathing
60;balance
60;vinyasa
60;ashtanga
60;hatha
60;comedy
60;funny
61;yoga
61;get_exercised
61;dina_prioste
61;health
61;fitness
61;beauty
61;back
61;strength
61;strong
61;muscles
61;stretch
61;flexible
61;vinyasa
61;hatha
61;ashtanga
61;comedy
61;funny
61;superman
62;yoga
62;get_exercised
62;dina_prioste
62;healthy
62;fitness
62;beauty
62;strong
62;stretch
62;workout
62;gym
62;flexible
62;muscles
62;duck
62;vinyasa
62;hatha
62;ashtanga
62;comedy
62;funny
63;yoga
63;get_exercised
63;dina_prioste
63;healthy
63;fitness
63;beauty
63;hot
63;sexy
63;party
63;stretching
63;flexible
63;strong
63;workout
63;muscles
63;vinyasa
63;hatha
63;ashtanga
63;comedy
63;funny
64;yoga
64;get_exercised
64;dina_prioste
64;healthy
64;fitness
64;beauty
64;body
64;halloween
64;sexy
64;hot
64;butt
64;stretching
64;flexible
64;hips
64;vinyasa
64;hatha
64;ashtanga
64;comedy
64;funny
65;yoga
65;get_exercised
65;dina_prioste
65;healthy
65;fitness
65;stretching
65;flexible
65;strength
65;muscles
65;vinyasa
65;hatha
65;ashtanga
65;confidence
66;yoga
66;get_exercised
66;dina_prioste
66;healthy
66;fitness
66;depression
66;stretching
66;flexible
66;breathing
66;blues
66;vinyasa
66;hatha
66;ashtanga
67;yoga
67;get_exercised
67;dina_prioste
67;healthy
67;fitness
67;stretching
67;hips
67;feet
67;vinyasa
67;hatha
67;ashtanga
68;yoga
68;get_exercised
68;dina_prioste
68;healthy
68;fitness
68;stretching
68;hips
68;flexible
68;wall
68;vinyasa
68;hatha
68;ashtanga
70;christmas
70;holiday
70;cocktail
70;alcohol
71;cocktail
71;drink
71;italy
72;drink
72;bar
72;cocktail
72;alcohol
75;obama
75;oil
75;fuel
75;jobs
75;lost_jobs
76;us_economy
76;trade
76;fair_trade
76;free_trade
76;economy_in_crisis
76;economic_crisis
77;us_economy
77;obama
77;free_trade
77;fair_trade
77;economy_in_crisis
79;economic_crisis
79;economy_in_crisis
80;usa
80;taxes
80;obama
80;lost_jobs
80;economy_in_crisis
80;economic_crisis
81;obama
81;us_economy
81;banks
81;economy_in_crisis
81;lost_jobs
81;free_trade
82;recession
82;depression
82;us_economy
83;obama
83;economy_in_crisis
83;economic_crisis
84;obama
84;trade
84;free_trade
84;fair_trade
84;economy_in_crisis
84;economic_crisis
85;economy_in_crisis
86;gm
87;obama
88;outsourcing
88;lost_jobs
88;economy_in_crisis
90;obama
90;us
90;congress
90;economy
90;in
90;crisis
90;crisis
90;free
90;trade
90;trade
90;war
90;fair
90;trade
90;lost
90;jobs
90;outsourcing
91;economy_in_crisis
91;economic_crisis
91;obama
92;cars
92;free_trade
92;obama
93;obama
93;lost_jobs
93;economy_in_crisis
93;economic_crisis
93;china
94;obama
94;congress
95;us_economy
95;economy_in_crisis
95;economic_crisis
96;obama
96;economy_in_crisis
96;economic_crisis
97;wto
97;obama
97;economy_in_crisis
97;economic_crisis
97;trade
98;economy_in_crisis
98;economic_crisis
98;free_trade
100;carlos
100;american
100;quezada
100;news
100;network
100;san
100;contest
100;star
101;eduardo
101;quezada
101;texas
101;mexico
101;argentina
101;chile
102;luis
102;eduardo
102;quezada
102;tony
102;mexico
102;piano
102;usa
102;high
102;school
102;money
102;free
103;mike
103;ian
103;folk
103;music
104;theatre
104;three
104;light
104;in
104;the
105;international
105;obama
105;congress
106;marc_strassman
106;writing
107;marc_strassman
109;marc_strassman
113;bury
113;club
113;division
113;fan
113;fans
113;fc-utd
113;fcum
113;fcumtv
113;fitba
113;football
113;footie
113;futba
113;gigg
113;interview
113;lane
113;league
113;manchester
113;match
113;non-league
113;north
113;northern
113;owned
113;park
113;premier
113;soccer
113;supporters
113;unibond
113;united
113;charlie
114;boston
114;bury
114;club
114;division
115;bury
115;club
115;division
115;fan
115;fans
115;fc-utd
115;fcum
115;fcumtv
115;fitba
115;football
115;footie
115;futba
115;gigg
115;interview
115;lane
115;league
115;manchester
115;match
115;non-league
115;north
115;northern
115;owned
115;park
115;premier
115;soccer
115;supporters
115;unibond
115;united
115;park
116;bury
116;club
116;division
116;fan
116;fans
116;fc-utd
116;fcum
116;fcumtv
116;fitba
116;football
116;footie
116;futba
116;gigg
116;lane
116;league
116;manchester
116;match
116;non-league
116;north
116;northern
116;owned
116;park
116;premier
116;"
"
116;soccer
116;supporters
116;unibond
116;united
117;fc-utd
117;fc_united
117;fcum
117;football
117;manchester
117;club
117;united
118;super
118;ad
119;blues
119;traditional
119;guitar
119;silvi
119;atri
119;abruzzo
119;italy
120;blues
120;traditional
120;guitar
120;silvi
120;atri
120;abruzzo
120;italy
121;lanciano
121;blues
121;festival
121;2008
121;acoustic
121;guitar
121;abruzzo
121;italy
122;mexico_city
122;mexico_city
125;golf
125;pga
125;pga_tour
125;golf_lessons
125;golf_dvds
125;golf_video
125;golf_club_reviews
125;golf_video
125;golf_instruction
125;golf_equipment
125;golf_improvement
127;golf
127;golf_equipment
127;golf_improvement
127;golf_dvds
127;golf_club_reviews
127;titleist
127;cleveland_golf
127;taylormade_golf
127;ping
127;tiger_woods
127;jack_nicklaus
127;better_golf
127;golf_life
127;golf_tv
127;golf_video
127;golf_television
128;golf
128;golf_improvement
128;golf_instruction
128;golf_gear
128;irons
128;hybrids
128;tiger_woods
128;adam_scott
128;golf_video
128;videos
128;golf_life
128;television
128;tv
128;dvds
128;improve
128;better
128;teaching
128;learning
128;lessons
129;golf
129;golf_improvement
129;golf_instruction
129;golf_gear
129;irons
129;hybrids
129;tiger_woods
129;adam_scott
129;golf_video
129;videos
129;golf_life
129;television
129;tv
129;dvds
129;improve
129;better
129;teaching
129;learning
129;lessons
129;pga
129;better_golf
130;pastor_komrowski
130;sunday_pm
131;greg_morrison
131;bumper2bumpertv
132;racing
132;"
"
132;bumper2bumpertv
132;greg_morrison
133;greg_morrison
133;bumper2bumpertv
134;bumper2bumpertv
135;bumper2bumpertv
135;greg_morrison
136;bumper2bumpertv
137;recycle
137;atlanta
138;music
140;pub
140;locale_tivoli
140;pub_tivoli
140;piano_bar
140;karaoke
140;guidonia
140;roma
141;pub
141;locale_tivoli
141;pub_tivoli
141;piano_bar
141;karaoke
141;guidonia
141;roma
142;pub
142;locale_tivoli
142;pub_tivoli
142;piano_bar
142;karaoke
142;guidonia
142;roma
143;guidonia
143;roma
144;gvtv
144;news
144;grass_valley
144;nevada_county
144;nevada_city
144;truckee
144;penn_valley
144;nctv
144;channel_11
144;north_san_juan
144;rough_and_ready
144;randy_hansen
145;gvtv
145;news
145;grass_valley
145;nevada_county
145;nevada_city
145;truckee
145;penn_valley
145;nctv
145;channel_11
145;north_san_juan
145;rough_and_ready
145;randy_hansen
146;news
146;grass_valley
146;nevada_city
146;nevada_county
146;randy_hansen
147;gvtv
147;news
147;world_politics
147;randy_hansen
147;elisse_garner
147;nctv
147;grass_valley
147;nevada_city
147;colfax
147;penn_valley
147;rough_and_ready
147;truckee
147;north_san_juan
147;nevada_county
147;government
147;girls
147;police_blotter
147;world
149;live_music
149;music_video
151;republican
151;washington
151;politics
151;hroc
155;sex
155;addiction
155;addiction
155;recovery
155;addiction
155;love
155;addiction
155;emptiness
155;sex
155;addiction
155;addiction
155;paul
156;last
156;under
156;the
156;sun
156;punk
156;gig
156;breizh
156;high
156;le
156;2004
156;sensa
156;yuma
156;police
156;bastard
157;iron_man_records
157;video
157;podcast
158;michael
158;music
158;keyboard
158;piano
159;bass
159;doublebass
159;contrabass
160;double
160;bass
160;for
161;ian
161;doublebass
161;classical
161;music
162;classical
162;music
162;humor
162;orchestra
164;car
164;craft
164;2008
165;cooking
165;food
166;health
166;yoga
166;exercise
166;mom
166;hatha
166;baby
166;fitness
168;review
169;review
170;and
171;kelly
171;tv
171;joe
173;kellytv
175;video
175;cine
176;grittv
176;laura_flanders
176;bill
176;iran
176;commentary
177;grittv
177;laura_flanders
177;energy
178;grit
178;grittv
178;grit_tv
178;laura_flanders
179;grit
179;grittv
179;grit_tv
179;laura_flanders
179;convention
179;republican
180;grit
180;grittv
180;grit_tv
180;laura_flanders
181;grittv
181;laura_flanders
182;grittv
182;laura_flanders
183;grittv
183;grit_tv
183;grit
183;laura_flanders
183;flanders
184;grittv
184;grit_tv
184;laura_flanders
185;grit
185;grittv
185;grit_tv
185;laura_flanders
185;commentary
185;barack_obama
185;obama
186;grittv
186;grit_tv
186;grit
186;laura_flanders
186;flanders
187;grittv
187;laura_flanders
188;grit
188;grittv
188;grit_tv
188;laura_flanders
189;grit
189;grittv
189;laura_flanders
189;grit_tv
190;grittv
190;grit_tv
190;grit
190;flanders
190;laura_flanders
191;laura_flanders
191;grittv
191;grit_tv
191;flanders
192;grittv
192;grit_tv
192;grit
192;laura_flanders
192;flanders
193;grit
193;grittv
193;laura_flanders
194;grit
194;grittv
194;laura_flanders
194;commentary
195;grit
195;grittv
195;laura_flanders
196;grit
196;grittv
196;grit_tv
196;laura_flanders
196;flanders
197;grittv
197;laura_flanders
198;grit
198;grittv
198;grit_tv
198;laura_flanders
198;flanders
199;grit
199;grittv
199;laura_flanders
200;grittv
200;grit_tv
200;grit
200;laura_flanders
200;flanders
201;grittv
201;grit_tv
201;grit
201;laura_flanders
201;flanders
202;grittv
202;grit
202;grit_tv
202;laura_flanders
202;flanders
203;grittv
203;grit_tv
203;grit
203;flanders
203;laura_flanders
204;grittv
204;grit
204;grit_tv
204;flanders
204;laura_flanders
205;grittv
205;grit_tv
205;grit
205;flanders
205;laura_flanders
206;grittv
206;grit_tv
206;grit
206;laura_flanders
206;flanders
207;grittv
207;grit_tv
207;grit
207;flanders
207;laura_flanders
208;laura_flanders
208;grittv
208;grit_tv
208;flanders
210;grittv
210;grit_tv
210;laura_flanders
211;grit
211;grittv
211;grit_tv
211;laura_flanders
212;grit
212;grittv
212;grit_tv
212;laura_flanders
213;grit
213;grit_tv
213;grittv
213;laura_flanders
214;grit
214;grittv
214;grittv
214;laura_flanders
215;grit
215;grittv
215;grit_tv
215;laura_flanders
216;grittv
216;laura_flanders
217;grit
217;grittv
217;grit_tv
217;laura_flanders
218;grittv
218;grit
218;grit_tv
218;flanders
218;laura_flanders
219;grittv
219;grit
219;grit_tv
219;flanders
219;laura_flanders
220;grittv
220;grit_tv
220;grit
220;laura_flanders
220;flanders
221;grittv
221;grit_tv
221;grit
221;laura_flanders
221;flanders
222;grit
222;grit_tv
222;grittv
222;laura_flanders
222;flanders
224;grittv
224;grit_tv
224;laura_flanders
225;grittv
225;grit_tv
225;grit
225;laura_flanders
226;beer
226;drink
226;new
226;old
227;recipe
227;cook
227;beer
227;food
229;clean
229;cook
230;recipe
230;cook
230;summer
230;food
231;recipe
231;food
231;cook
231;home
232;recipe
232;cook
232;food
233;recipe
233;cook
234;recipe
234;cook
234;food
235;food
235;travel
235;culinary
235;canada
236;recipe
236;cook
236;food
236;pork
238;cocktail
238;drink
238;recipe
239;drink
239;alcohol
239;ice
240;salsa
240;latin
241;salsa
241;latin
242;music
242;indie
242;rock
243;water
243;international
243;water
243;house
243;akvo
243;international
243;water
243;and
243;center
244;luis
244;nicaragua
244;centro
244;america
244;lucha
244;revolucion
244;bolivia
244;evo
244;morales
244;arte
244;musica
244;trovador
244;revolution
244;madre
244;america
244;latina
246;military
246;sports
246;arts
246;baseball
246;marquisdejolie
246;memory
246;president
246;ford
247;marquisdejolie
247;series
247;early
247;video
247;humor
247;garageband
247;comedy
247;parody
247;spoof
248;military
248;homeless
248;commentary
248;political
248;commercial
249;homeless
249;veterans
249;shelter
249;marquisdejolie
249;series
251;orchestra
251;music
251;strings
251;composer
251;classical
251;drama
252;orchestra
252;music
252;strings
252;composer
252;classical
252;action
252;sci-fi
253;orchestra
253;music
253;strings
253;composer
253;classical
253;action
254;party
254;venice
254;venezia
255;sex
255;venice
256;cincinnati
256;ohio
256;thrillsville
256;horror_host
256;meet_cleaver_theatre
256;mct
256;horror
256;animals
256;black
256;ohio
256;thrillsville
256;horror_host
256;meet_cleaver_theatre
256;mct
256;horror
256;new_zealand
257;cincinnati
257;ohio
257;thrillsville
257;horror_host
257;meet_cleaver_theatre
257;mct
257;nes
257;america
259;birds
259;microdac
259;bird
259;god
259;spiritual
259;religion
260;minimal
260;love
260;berlin
261;remix
264;imovie
264;movie
264;music
264;muzik
264;machines
266;film
266;political
266;sci-fi
267;ghost
268;psychic
268;psychics
268;new_age
268;tarot
268;tarot_psychic
268;magick
268;witchcraft
268;spiritual
268;occult
268;divination
268;runes_clairvoyance
268;clauirvoyant
269;psychic
269;psychics
269;new_age
269;tarot
269;tarot_psychic
269;magick
269;witchcraft
269;spiritual
269;occult
269;divination
269;runes_clairvoyance
269;clauirvoyant
270;psychic
270;psychics
270;new_age
270;tarot
270;tarot_psychic
270;magick
270;witchcraft
270;spiritual
270;occult
270;divination
270;runes_clairvoyance
270;clauirvoyant
271;psychic
271;psychics
271;new_age
271;tarot
271;tarot_psychic
271;magick
271;witchcraft
271;spiritual
271;occult
271;divination
271;runes_clairvoyance
271;clauirvoyant
272;psychic
272;psychics
272;new_age
272;tarot
272;tarot_psychic
272;magick
272;witchcraft
272;spiritual
272;occult
272;divination
272;runes_clairvoyance
272;clauirvoyant
273;psychic
273;psychics
273;new_age
273;pagan
273;wiccan
273;witchcraft
273;occult
273;spiritual
273;ouija
273;astral_projection
273;tarot_readings
273;tarot_reader
273;tarot
273;magick
274;psychic
274;psychics
274;new_age
274;pagan
274;wiccan
274;witchcraft
274;occult
274;spiritual
274;ouija
274;astral_projection
274;tarot_readings
274;tarot_reader
274;tarot
274;magick
275;psychic
275;psychics
275;new_age
275;pagan
275;wiccan
275;witchcraft
275;occult
275;spiritual
275;ouija
275;astral_projection
275;tarot_readings
275;tarot_reader
275;tarot
275;magick
276;action
277;sound
278;ekachakra
280;puri
281;chaitanya
284;action
284;adventure
284;scifi
284;webseries
285;film
285;of
285;the
285;people
285;comedy
285;love
285;story
286;faith
286;festivals
286;luis_palau
286;portland
286;ministry
286;music
287;portland
287;oregon
287;luis_palau
288;faith
288;christianity
288;portland
288;luis_palau
291;mccain
291;gop
291;rnc
291;republican
291;convention
291;oil
292;bicycle
292;bike
292;electric
292;car
292;portland
292;oregon
295;gay
295;spiritual
296;spiritual
296;gay
297;poetry
298;politics
298;political_lunch
298;michigan
298;democrats
298;republicans
299;politics
299;political_lunch
300;political_lunch
300;politics
300;obama
300;republicans
300;texas
300;california
300;edwards
300;bush
301;politics
301;political_lunch
301;new_york
301;republican
301;democrats
302;politics
302;political_lunch
302;democrats
302;florida
302;clinton
302;obama
302;pennsylvania
302;race
303;politics
303;political_lunch
303;iraq
303;troops
303;clinton
303;obama
303;mccain
304;politics
304;political_lunch
304;edwards
304;iraq
304;money
304;colombia
305;politics
305;election
305;news
305;obama
305;clinton
305;press
305;media
305;civil_rights
306;politics
306;political_lunch
306;clinton
306;mccain
306;obama
306;taxes
306;democrats
306;republicans
307;politics
307;political_lunch
307;mccain
307;obama
307;clinton
307;pennsylvania
308;election
308;politics
308;mccain
308;obama
308;politicallunch
309;politics
309;political_lunch
309;mccain
309;clinton
309;obama
309;pennsylvania
309;bush
310;politics
310;political_lunch
310;mccain
310;clinton
310;rnc
311;politics
311;political_lunch
311;primary
311;indiana
311;clinton
311;mccain
311;obama
311;voting
312;politics
312;election
312;michigan
312;democrats
312;obama
312;clinton
313;politics
313;political_lunch
313;republicans
313;georgia
314;obama
314;mccain
314;clinton
314;politics
314;political_lunch
315;politics
315;political_lunch
315;democrats
315;republicans
316;politics
316;election
316;convention
316;rnc
316;dnc
316;gop
316;democrats
316;republicans
316;politicallunch
317;politics
317;political_lunch
317;obama
317;mccain
317;palin
317;biden
317;campaign
318;politics
318;election
318;news
318;media
318;mccain
318;politicallunch
319;political_lunch
319;politics
319;obama
319;mccain
319;palin
319;biden
319;economy
319;clinton
320;politics
320;election
320;twitter
320;biden
320;palin
320;debate
320;politicallunch
321;politics
321;political_lunch
321;obama
321;mccain
321;iraq
321;afghanistan
321;troops
321;military
321;terrorism
322;politics
322;election
322;voting
322;florida
322;political_lunch
323;politics
323;political_lunch
323;obama
323;mccain
323;palin
323;biden
323;election
324;political_lunch
324;politics
324;barack
324;obama
324;democrats
324;clinton
324;edwards
324;mccain
324;bush
325;voice
325;lessons
325;new
325;york
325;speech
325;opera
325;teacher
325;visual
325;student
325;classical
325;pop
325;jazz
325;corporate
325;blues
325;funk
325;public
326;voice
326;singing
326;teaching
326;lessons
326;english
326;second
326;arizona
327;advertisement
327;classic
327;commercial
327;domain
327;public
327;race
327;set
327;spot
327;toy
328;advertisement
328;classic
328;commercial
328;domain
328;food
328;public
328;spot
329;advertisement
329;classic
329;commercial
329;domain
329;public
329;spot
330;advertisement
330;classic
330;commercial
330;domain
330;public
330;spot
331;advertisement
331;classic
331;coffee
331;commercial
331;domain
331;public
331;spot
332;advertisement
332;classic
332;coffee
332;commercial
332;domain
332;public
332;spot
333;advertisement
333;classic
333;coffee
333;commercial
333;domain
333;public
333;spot
334;advertisement
334;blender
334;classic
334;commercial
334;domain
334;public
334;spot
335;advertisement
335;classic
335;commercial
335;domain
335;public
335;spot
336;advertisement
336;classic
336;commercial
336;domain
336;public
336;spot
337;advertisement
337;baby
337;classic
337;commercial
337;domain
337;magic
337;public
337;spot
338;advertisement
338;cigarettes
338;classic
338;commercial
338;domain
338;public
338;spot
339;advertisement
339;cigarettes
339;classic
339;commercial
339;domain
339;public
339;spot
340;advertisement
340;cigarettes
340;classic
340;commercial
340;domain
340;public
340;spot
341;advertisement
341;classic
341;commercial
341;domain
341;public
341;spot
342;advertisement
342;classic
342;commercial
342;domain
342;public
342;spot
343;advertisement
343;bread
343;classic
343;commercial
343;domain
343;public
343;spot
344;advertisement
344;bread
344;classic
344;commercial
344;domain
344;public
344;spot
345;advertisement
345;bread
345;classic
345;commercial
345;domain
345;food
345;public
345;spot
346;advertisement
346;bread
346;classic
346;commercial
346;domain
346;food
346;public
346;spot
347;advertisement
347;bread
347;classic
347;commercial
347;domain
347;food
347;public
347;spot
348;advertisement
348;classic
348;commercial
348;domain
348;public
348;spot
349;advertisement
349;classic
349;commercial
349;domain
349;public
349;spot
349;us
350;advertisement
350;classic
350;commercial
350;domain
350;drugs
350;ny
350;public
350;spot
351;advertisement
351;classic
351;commercial
351;domain
351;public
351;spot
352;animation
352;cartoon
352;classic
352;domain
352;funny
352;motion
352;public
353;gay
353;christian
353;queer
353;faith
353;worship
354;energy
355;my
355;dog
355;tricks
355;animal
357;reviewme
357;episode
357;book
357;and
357;movie
357;review
357;two
357;for
357;one
357;dvd
358;reviewme
358;episode
358;review
358;hero
358;and
358;alive
358;you
358;one
358;day
358;late
358;dead
358;inside
358;it
359;one
359;two
359;three
359;four
359;dvd
359;anime
360;religion
361;religion
362;ireland
363;promo
363;trailer
363;comics
364;space
365;podcast
366;palestine
366;israel
366;judaism
366;jew
366;jews
367;iron
367;man
367;movie
367;review
367;robert
367;marvel
367;trailer
368;social_networking
368;trailer
368;preview
369;scene
369;new
369;website
369;movie
369;social
369;network
370;scotty
370;office
370;job
370;season
370;john
371;economy
371;finance
371;american_progress
371;progressive
371;recession
371;bailout
371;money
371;climate
371;green
371;congress
371;crisis
372;energy
372;environment
372;climate
372;oil
372;gas
372;progressive
372;american_progress
372;seeprogress
372;finance
372;bank
372;job
372;green
373;environment
373;climate_change
373;energy
373;jobs
373;congress
373;earth
373;green
373;seeprogress
373;fuel
373;gas
373;oil
374;budget
374;congress
374;bush
374;seeprogress
374;war
374;iraq
375;fuel
375;gas
375;oil
375;climate
375;energy
375;environment
375;seeprogress
375;american
375;progressive
375;earth
375;car
375;auto
376;global
376;oil
376;bush
376;american_progress
376;progressive
376;fuel
376;energy
376;environment
377;health
377;disease
377;hospital
377;progressive
377;insurance
378;matt
378;miller
378;dead
378;economy
378;american
378;progressive
379;yahoo
379;microsoft
379;internet
379;advertising
379;online
379;progressive
380;congress
380;progressive
380;american
380;vote
380;senate
380;energy
380;environment
380;oil
380;gas
380;children
380;insurance
380;health
380;car
380;auto
380;fuel
381;iraq
381;politics
381;congress
381;american_progress
381;progressive
381;war
381;senate
381;house
381;bush
381;pentagon
382;wine
383;bicep
383;biceps
383;bodybuilding
383;dvd
383;figure
383;flexing
383;gmv
383;gym
383;ifbb
383;inba
383;lifting
383;muscle
383;muscles
383;muscular
383;beauty
383;fitness
383;nabba
383;olympia
383;pecs
383;posing
383;power
383;strength
383;training
383;wabba
383;weights
383;workout
384;bicep
384;biceps
384;bodybuilding
384;dvd
384;figure
384;flexing
384;gmv
384;gym
384;ifbb
384;inba
384;lifting
384;muscle
384;muscles
384;muscular
384;beauty
384;fitness
384;nabba
384;olympia
384;pecs
384;posing
384;power
384;strength
384;training
384;wabba
384;weights
384;workout
385;bicep
385;biceps
385;bodybuilding
385;dvd
385;figure
385;flexing
385;gmv
385;gym
385;ifbb
385;inba
385;lifting
385;muscle
385;muscles
385;muscular
385;beauty
385;fitness
385;nabba
385;olympia
385;pecs
385;posing
385;power
385;strength
385;training
385;wabba
385;weights
385;workout
386;bodybuilding
386;ifbb
386;nabba
386;figure
386;sexy
386;muscle
386;posing
386;workout
387;bicep
387;biceps
387;bodybuilding
387;dvd
387;figure
387;flexing
387;gmv
387;gym
387;ifbb
387;inba
387;lifting
387;muscle
387;muscles
387;muscular
387;beauty
387;fitness
387;nabba
387;olympia
387;pecs
387;posing
387;power
387;strength
387;training
387;wabba
387;weights
387;workout
388;bicep
388;biceps
388;bodybuilding
388;dvd
388;figure
388;flexing
388;gmv
388;gym
388;ifbb
388;inba
388;lifting
388;muscle
388;muscles
388;muscular
388;beauty
388;fitness
388;nabba
388;olympia
388;pecs
388;posing
388;power
388;strength
388;training
388;wabba
388;weights
388;workout
389;bicep
389;biceps
389;bodybuilding
389;dvd
389;figure
389;flexing
389;gmv
389;gym
389;ifbb
389;inba
389;lifting
389;muscle
389;muscles
389;muscular
389;beauty
389;fitness
389;nabba
389;olympia
389;pecs
389;posing
389;power
389;strength
389;training
389;wabba
389;weights
389;workout
390;bicep
390;biceps
390;bodybuilding
390;dvd
390;figure
390;flexing
390;gmv
390;gym
390;ifbb
390;inba
390;lifting
390;muscle
390;muscles
390;muscular
390;beauty
390;fitness
390;nabba
390;olympia
390;pecs
390;posing
390;power
390;strength
390;training
390;wabba
390;weights
390;workout
391;bicep
391;biceps
391;bodybuilding
391;dvd
391;figure
391;flexing
391;gmv
391;gym
391;ifbb
391;inba
391;lifting
391;muscle
391;muscles
391;muscular
391;beauty
391;fitness
391;nabba
391;olympia
391;pecs
391;posing
391;power
391;strength
391;training
391;wabba
391;weights
391;workout
392;bicep
392;biceps
392;bodybuilding
392;dvd
392;figure
392;flexing
392;gmv
392;gym
392;ifbb
392;inba
392;lifting
392;muscle
392;muscles
392;muscular
392;beauty
392;fitness
392;nabba
392;olympia
392;pecs
392;posing
392;power
392;strength
392;training
392;wabba
392;weights
392;workout
393;bicep
393;biceps
393;bodybuilding
393;dvd
393;figure
393;flexing
393;gmv
393;gym
393;ifbb
393;inba
393;lifting
393;muscle
393;muscles
393;muscular
393;beauty
393;fitness
393;nabba
393;olympia
393;pecs
393;posing
393;power
393;strength
393;training
393;wabba
393;weights
393;workout
394;bicep
394;biceps
394;bodybuilding
394;dvd
394;figure
394;flexing
394;gmv
394;gym
394;ifbb
394;inba
394;lifting
394;muscle
394;muscles
394;muscular
394;beauty
394;fitness
394;nabba
394;olympia
394;pecs
394;posing
394;power
394;strength
394;training
394;wabba
394;weights
394;workout
395;bicep
395;biceps
395;bodybuilding
395;dvd
395;figure
395;flexing
395;gmv
395;gym
395;ifbb
395;inba
395;lifting
395;muscle
395;muscles
395;muscular
395;beauty
395;fitness
395;nabba
395;olympia
395;pecs
395;posing
395;power
395;strength
395;training
395;wabba
395;weights
395;workout
396;bicep
396;biceps
396;bodybuilding
396;dvd
396;figure
396;flexing
396;gmv
396;gym
396;ifbb
396;inba
396;lifting
396;muscle
396;muscles
396;muscular
396;beauty
396;fitness
396;nabba
396;olympia
396;pecs
396;posing
396;power
396;strength
396;training
396;wabba
396;weights
396;workout
397;bicep
397;biceps
397;bodybuilding
397;dvd
397;figure
397;flexing
397;gmv
397;gym
397;ifbb
397;inba
397;lifting
397;muscle
397;muscles
397;muscular
397;beauty
397;fitness
397;nabba
397;olympia
397;pecs
397;posing
397;power
397;strength
397;training
397;wabba
397;weights
397;workout
398;bicep
398;biceps
398;bodybuilding
398;dvd
398;figure
398;flexing
398;gmv
398;gym
398;ifbb
398;inba
398;lifting
398;muscle
398;muscles
398;muscular
398;beauty
398;fitness
398;nabba
398;olympia
398;pecs
398;posing
398;power
398;strength
398;training
398;wabba
398;weights
398;workout
399;bicep
399;biceps
399;bodybuilding
399;dvd
399;figure
399;flexing
399;gmv
399;gym
399;ifbb
399;inba
399;lifting
399;muscle
399;muscles
399;muscular
399;beauty
399;fitness
399;nabba
399;olympia
399;pecs
399;posing
399;power
399;strength
399;training
399;wabba
399;weights
399;workout
400;bicep
400;biceps
400;bodybuilding
400;dvd
400;figure
400;flexing
400;gmv
400;gym
400;ifbb
400;inba
400;lifting
400;muscle
400;muscles
400;muscular
400;beauty
400;fitness
400;nabba
400;olympia
400;pecs
400;posing
400;power
400;strength
400;training
400;wabba
400;weights
400;workout
401;bicep
401;biceps
401;bodybuilding
401;dvd
401;figure
401;flexing
401;gmv
401;gym
401;ifbb
401;inba
401;lifting
401;muscle
401;muscles
401;muscular
401;beauty
401;fitness
401;nabba
401;olympia
401;pecs
401;posing
401;power
401;strength
401;training
401;wabba
401;weights
401;workout
402;biceps
402;bodybuilding
402;dvd
402;figure
402;flexing
402;gmv
402;gym
402;ifbb
402;inba
402;lifting
402;muscle
402;muscles
402;muscular
402;beauty
402;fitness
402;nabba
402;olympia
402;pecs
402;posing
402;power
402;strength
402;training
402;wabba
402;weights
402;workout
403;bicep
403;biceps
403;bodybuilding
403;dvd
403;figure
403;flexing
403;gmv
403;gym
403;ifbb
403;inba
403;lifting
403;muscle
403;muscles
403;muscular
403;beauty
403;fitness
403;nabba
403;olympia
403;pecs
403;posing
403;power
403;strength
403;training
403;wabba
403;weights
403;workout
404;bicep
404;biceps
404;bodybuilding
404;dvd
404;figure
404;flexing
404;gmv
404;gym
404;ifbb
404;inba
404;lifting
404;muscle
404;muscles
404;muscular
404;beauty
404;fitness
404;nabba
404;olympia
404;pecs
404;posing
404;power
404;strength
404;training
404;wabba
404;weights
404;workout
405;bicep
405;biceps
405;bodybuilding
405;dvd
405;figure
405;flexing
405;gmv
405;gym
405;ifbb
405;inba
405;lifting
405;muscle
405;muscles
405;muscular
405;beauty
405;fitness
405;nabba
405;olympia
405;pecs
405;posing
405;power
405;strength
405;training
405;wabba
405;weights
405;workout
406;bicep
406;biceps
406;bodybuilding
406;dvd
406;figure
406;flexing
406;gmv
406;gym
406;ifbb
406;inba
406;lifting
406;muscle
406;muscles
406;muscular
406;beauty
406;fitness
406;nabba
406;olympia
406;pecs
406;posing
406;power
406;strength
406;training
406;wabba
406;weights
406;workout
407;blues
408;blues
408;jazz
408;photography
409;photography
409;blues
410;cinema
410;scene
410;episode
411;cinema
411;scene
411;episode
411;the
411;of
412;shawn_carpenter
412;loud_tour_tv
412;music_video
412;walk
412;montreal
413;shawn_carpenter
413;loud_tour_tv
413;montreal
413;music
414;swim
414;swimming
414;olympics
414;swimming_world_magazine
415;red
415;fashion
415;washington
416;fashion
417;sports
417;radio
417;ny
417;new_york
417;wgbb
420;luis
420;marc
420;anthony
420;birthday
420;party
420;new
420;york
420;city
420;hotel
420;nyc
420;paparazzi
420;tmz
421;autographs
421;fans
421;ny
421;nyc
421;new_york_city
421;premiere
421;tmz
421;paparazzi
421;celebrity
421;famous
421;actress
421;hollywood
422;phil
422;autographs
422;guitar
422;best
423;michael
423;lets
423;get
423;to
423;lets
423;garden
423;tmz
423;paparazzi
423;song
423;sing
423;sings
423;box
423;2008
423;sports
423;wwe
423;match
423;event
423;how
424;autographs
424;fans
424;ny
424;nyc
424;new_york_city
424;premiere
424;tmz
424;paparazzi
424;celebrity
424;famous
424;actress
424;hollywood
424;actor
424;couple
425;christian
425;ice
425;all
425;my
425;sons
425;broadway
425;george
425;ny
425;nyc
425;new
425;york
425;city
425;actor
426;broadway
426;gay
426;tmz
426;paparazzi
426;out
426;people
426;magazine
426;ny
426;nyc
426;new
426;york
426;city
427;the
427;show
427;new
427;york
427;city
427;nyc
427;tmz
427;paparazzi
427;fans
427;autographs
427;secret
427;life
427;of
427;interview
427;bio
428;black
428;eyed
428;fashion
428;2008
428;new
428;york
428;radio
428;city
428;music
428;hall
428;tmz
428;paparazzi
428;autographs
428;fans
429;mother
429;mom
429;paparazzi
429;tmz
429;marc
429;anthony
429;birthday
429;party
429;new
429;york
429;city
429;nyc
429;the
429;hotel
430;tmz
430;paparazzi
430;ny
430;nyc
430;new
430;york
430;city
430;interview
430;bio
431;the
431;chef
431;late
431;show
431;with
431;david
431;letterman
431;autographs
431;ny
431;nyc
431;new
431;york
431;city
431;tmz
431;paparazzi
431;fans
431;cooking
431;at
431;home
431;ministry
431;of
431;food
431;school
431;recipe
431;recipes
431;italy
431;interview
432;jay
432;marc
432;jacobs
432;spring
432;2009
432;fashion
432;show
432;week
432;new
432;york
432;city
432;nyc
432;tmz
432;paparazzi
432;records
432;tv
432;video
432;rap
432;live
432;interview
432;interviews
432;music
433;girls
433;marc
433;jacobs
433;spring
433;2009
433;collection
433;fashion
433;week
433;nyc
433;tmz
433;paparazzi
434;john
434;new
434;york
434;city
434;paparazzi
434;tmz
434;live
434;interview
434;gossip
434;break
434;up
434;rant
434;love
434;relationship
434;girlfriend
434;dating
434;restaurant
434;ny
434;nyc
435;john
435;new
435;york
435;city
435;paparazzi
435;tmz
436;katie
436;holmes
436;all
436;my
436;sons
436;broadway
436;paparazzi
436;tmz
436;new
436;york
436;city
436;celebrity
436;actress
436;famous
437;lee
437;baby
437;marc
437;anthony
437;birthday
437;party
437;hotel
437;new
437;york
437;city
437;tmz
437;paparazzi
438;marc
438;jacobs
438;spring
438;2009
438;collection
438;new
438;york
438;city
438;fashion
438;show
438;week
438;nyc
438;tmz
438;paparazzi
438;tv
439;movie
439;premiere
439;new
439;york
439;city
439;paparazzi
439;tmz
439;celebrity
439;actress
439;tv
439;hot
439;video
439;feet
439;interview
440;fashion
440;week
440;radio
440;city
440;music
440;hall
440;new
440;york
440;paparazzi
440;tmz
441;robert
441;ny
441;nyc
441;new
441;york
441;city
441;tmz
441;paparazzi
441;hollywood
441;couple
441;like
441;me
441;song
441;singing
441;music
441;sing
441;sings
441;interview
441;scene
441;bio
441;kiss
441;fashion
441;house
441;love
442;new
442;york
442;city
442;fashion
442;week
442;nyc
442;paparazzi
442;celebrity
442;disney
442;famous
442;singer
442;actress
442;pop
442;star
442;hollywood
442;tmz
442;hotel
443;howard
443;late
443;show
443;with
443;david
443;letterman
443;ny
443;nyc
443;new
443;york
443;city
443;tv
443;stand
443;up
444;ben
444;snl
444;saturday
444;night
444;live
444;baby
444;after
444;party
444;nyc
444;new
444;york
444;city
444;tmz
444;paparazzi
445;paparazzi
445;tmz
445;interview
445;bio
445;hot
445;blue
445;commercial
445;movies
445;me
445;for
445;rock
445;music
445;sara
445;ny
445;nyc
445;new
445;york
445;city
446;jones
446;match
446;garden
446;training
446;fight
447;early
447;show
447;interview
447;bio
447;fans
447;autographs
447;tmz
447;paparazzi
447;ny
447;nyc
447;new
447;york
447;city
447;sex
447;and
447;the
447;actress
448;ny
448;nyc
448;new
448;york
448;city
448;actress
448;paparazzi
448;tmz
448;celebrity
448;hollywood
448;wild
448;child
448;island
448;in
448;the
448;sun
448;songs
448;interview
448;singing
448;sings
448;it
448;my
449;van
449;street
449;band
449;ny
449;nyc
449;new
449;york
449;city
449;guitar
449;tmz
450;jack
450;black
450;ny
450;nyc
450;new
450;york
450;city
450;guitar
450;autographs
450;american
450;of
450;the
450;songs
450;sings
450;singing
450;call
450;school
450;rock
450;tribute
450;kiss
450;from
450;metal
451;the
451;late
451;show
451;with
451;david
451;letterman
451;music
451;live
451;interview
451;autographs
451;up
451;with
451;you
451;what
451;love
451;your
451;heart
452;the
452;late
452;show
452;with
452;david
452;letterman
452;music
452;live
452;interview
452;autographs
452;up
452;with
452;you
452;what
452;love
452;your
452;heart
453;james
453;tmz
453;paparazzi
453;couple
453;model
453;actress
453;girlfriend
453;famous
453;celebrity
453;movie
453;love
453;scene
453;interview
453;hot
453;blue
453;kiss
454;kelly
454;family
454;ny
454;nyc
454;paparazzi
454;new
454;york
454;city
454;gossip
454;girl
454;interview
454;bio
454;feet
454;hot
454;autographs
455;ricky
455;late
455;show
455;with
455;david
455;letterman
455;the
455;office
455;comedy
455;comedian
455;politics
455;interview
455;stand
455;up
455;podcast
456;katie
456;holmes
456;tom
456;cruise
456;mary
456;lee
456;mother
456;parents
456;tmz
456;paparazzi
456;ny
456;nyc
456;new
456;york
456;city
456;all
456;my
456;sons
457;james
457;ny
457;nyc
457;new
457;york
457;city
457;paparazzi
457;tmz
457;hot
457;interview
457;blue
457;orlando
457;movies
457;scene
457;superman
457;model
457;dating
457;girlfriend
457;celebrity
457;couple
457;famous
458;radio
458;interview
458;autographs
458;paparazzi
458;tmz
458;ny
458;nyc
458;new
458;york
458;city
458;you
458;on
458;the
458;wall
458;songs
458;miss
458;with
458;music
458;video
458;bio
458;live
458;singing
459;phil
459;genesis
459;autographs
459;fans
459;tmz
459;paparazzi
459;ny
459;nyc
459;new
459;york
459;city
459;guitar
459;game
460;movie
460;premiere
460;ny
460;nyc
460;new
460;york
460;city
460;tmz
460;paparazzi
460;autographs
460;fans
460;what
460;about
461;tmz
461;paparazzi
461;ny
461;nyc
461;new
461;york
461;city
461;interview
461;bio
461;fans
461;movie
461;premiere
462;ford
462;marc
462;jacobs
462;spring
462;2009
462;new
462;york
462;city
462;fashion
462;show
462;week
462;nyc
462;tmz
462;paparazzi
462;collection
463;tom
463;cruise
463;katie
463;holmes
463;all
463;my
463;sons
463;broadway
463;opening
463;night
463;ny
463;nyc
463;new
463;york
463;city
463;tmz
463;paparazzi
464;tom
464;cruise
464;all
464;my
464;sons
464;opening
464;night
464;broadway
464;play
464;katie
464;holmes
464;nyc
464;paparazzi
464;new
464;york
465;the
465;park
465;brooklyn
465;new
465;york
465;city
465;paparazzi
465;tmz
465;model
465;concert
465;girlfriend
466;halfguard_submissions_nogi
467;halfguard_submissions_nogi
469;theatre
469;theater
469;arts
469;economy
469;atlanta
469;women
470;theatre
470;musical
470;atlanta
472;wine
473;tea
475;sports
475;nba
475;football
475;matt_straq
476;sports
476;basketball
477;sports
477;matt_straq
477;guns
477;that_sports_show
478;football
479;sports
479;humor
479;nba
479;matt_straq
479;that_sports_show
479;basketball
480;that_sports_show
481;twitter
482;dercum_mountain
482;outback
482;northpeak
482;ski_keystone
482;keystone_colorado
482;river_run
482;mountain_house
482;36_hours
482;a51
482;area_51
482;a_51
482;independence_bowl
482;adventure_tours
482;freestyle
482;jumps
482;grinds
482;box
482;stunts
482;tricks
482;snowboard_parks
482;snowboard_features
482;ski_heavenly
482;ski_lake_tahoe
482;h
483;dercum_mountain
483;outback
483;northpeak
483;ski_keystone
483;keystone_colorado
483;river_run
483;mountain_house
483;36_hours
483;a51
483;area_51
483;a_51
483;independence_bowl
483;adventure_tours
483;freestyle
483;jumps
483;grinds
483;box
483;stunts
483;tricks
483;snowboard_parks
483;snowboard_features
483;ski_heavenly
483;ski_lake_tahoe
483;h
484;dercum_mountain
484;outback
484;northpeak
484;ski_keystone
484;keystone_colorado
484;river_run
484;mountain_house
484;36_hours
484;a51
484;area_51
484;a_51
484;independence_bowl
484;adventure_tours
484;freestyle
484;jumps
484;grinds
484;box
484;stunts
484;tricks
484;snowboard_parks
484;snowboard_features
484;ski_heavenly
484;ski_lake_tahoe
484;h
485;dercum_mountain
485;outback
485;northpeak
485;ski_keystone
485;keystone_colorado
485;river_run
485;mountain_house
485;36_hours
485;a51
485;area_51
485;a_51
485;independence_bowl
485;adventure_tours
485;freestyle
485;jumps
485;grinds
485;box
485;stunts
485;tricks
485;snowboard_parks
485;snowboard_features
485;ski_heavenly
485;ski_lake_tahoe
485;h
487;jama_report
487;cancer
487;disease
488;jama_report
488;disease
488;healthcare
488;hospital
489;jama_report
489;babies
489;health
490;jama_report
490;disease
490;england
491;jama_report
491;cancer
491;drugs
492;jama_report
492;cancer
492;death
492;women
492;disease
492;hospital
492;daily
493;jama_report
493;back
493;healthcare
493;hospital
494;the_jama_report
494;death
495;fitness
495;jama_report
495;health
495;holiday
495;diet
495;exercise
495;heart
495;elderly
495;fat
495;season
495;winter
496;jama_report
496;us
497;jama_report
497;hiv
497;aids
497;research
498;jama_report
498;hospital
498;health_care
499;the_jama_report
500;the_jama_report
500;2004
500;public
500;elderly
501;jama_report
501;military
501;troops
501;war
501;depression
501;alcohol
502;the_jama_report
502;health
504;jama_report
504;health_care
504;health
505;jama_report
505;women
505;elderly
505;health
505;news
506;economy
506;children
507;jama_report
507;women
507;health
508;the_jama_report
508;drugs
508;elderly
509;the_jama_report
509;parents
509;children
509;health
509;news
510;the_jama_report
510;depression
510;health
511;jama_report
511;death
511;hospital
511;conversation
511;elderly
512;the_jama_report
513;jama_report
513;health_care
513;government
514;jama_report
514;elderly
514;memory
515;jama_report
517;jama_report
517;death
518;jama_report
518;children
518;research
518;exercise
519;jama_report
519;health
519;cigarettes
520;the_jama_report
520;exercise
520;gym
520;improve
520;elderly
521;the_jama_report
521;food
521;diet
521;health
521;boston
523;jama_report
523;death
523;location
523;hospital
523;health_care
524;jama_report
524;health
524;news
524;women
525;jama_report
525;health_care
525;hospital
525;lifestyle
526;the_jama_report
526;health
526;teens
526;blood
526;us
527;jama_report
527;elderly
527;old
528;jama_report
528;women
528;health
528;sexual
528;depression
529;jama_report
529;health
529;elderly
530;jama_report
530;health
531;jama_report
531;women
531;health
531;cancer
532;the_jama_report
532;women
532;health
532;disease
532;heart
532;time
533;tatham
533;ointment
533;politics
533;political
533;daily
533;fake
533;news
533;comedy
533;show
533;iraq
533;obama
533;peace
534;ointment
534;tatham
534;politics
534;fake
534;news
534;comedy
534;daily
534;black
534;white
534;political
535;clinton
535;obama
535;pakistan
535;election
535;2008
535;president
535;news
535;politics
535;daily
535;show
535;tatham
535;ointment
536;clinton
536;politics
536;news
536;man
536;bush
536;tatham
536;ointment
536;fake
536;news
536;comedy
536;daily
536;politics
537;obama
537;clinton
537;election
537;vote
537;primary
537;president
537;politics
537;ointment
537;tatham
537;funny
537;fake
537;news
538;ad
538;campaign
538;commercial
538;tv
538;election
538;hillary_clinton
538;obama
538;tatham
538;ointment
538;politics
538;2008
538;funny
538;comedy
538;spoof
538;daily
539;news
539;politics
539;funny
539;fake
539;comedy
539;tatham
539;ointment
540;hillary_clinton
540;funny
540;fake
540;news
540;the_ointment
540;steve_tatham
540;politics
540;daily
540;show
541;clinton
541;obama
541;funny
541;fake
541;news
541;mccain
541;oil
541;comedy
541;spoof
541;satire
541;ointment
541;steve_tatham
542;obama
542;clinton
542;election
542;politics
542;crack
542;iran
542;news
542;funny
542;fake
542;update
542;ointment
542;daily
542;vlog
542;tatham
542;political
542;humor
543;politics
543;daily
543;fake
543;news
543;comedy
543;ointment
543;tatham
544;youtube
544;florida
544;election
544;daily
544;comedy
544;fake
544;news
544;ointment
544;tatham
544;politics
545;obama
545;clinton
545;election
545;primary
545;indiana
545;funny
545;fake
545;news
545;daily
545;politics
545;political
545;commentary
545;comedian
545;steve_tatham
545;ointment
546;taxes
546;fake
546;news
546;comedy
546;funny
546;politics
546;political
546;tatham
546;ointment
546;vlog
546;daily
547;politics
547;mccain
547;obama
547;clinton
547;politics
547;election
547;comedy
547;funny
547;fake
547;news
547;ointment
547;tatham
548;ointment
548;politics
548;political
548;daily
548;comedy
548;fake
548;news
548;tatham
549;barack_obama
549;hillary_clinton
549;tatham
549;ointment
549;daily
549;funny
549;fake
549;political
549;news
549;politics
549;campaign
549;president
550;wvtv
550;the
550;wine
550;tv
550;sound
551;mary
551;catholic
551;veronica
551;lueken
552;mary
552;catholic
552;bayside
552;veronica
552;lueken
553;mary
553;catholic
553;bayside
553;veronica
553;lueken
554;mary
554;catholic
554;bayside
554;veronica
554;lueken
555;mary
555;catholic
555;bayside
555;veronica
555;lueken
557;christian
557;eells
557;bible
557;gospel
557;unleavened
557;ministry
557;jesus
557;faith
557;religion
557;god
557;davideells
557;ubm
558;short
558;films
558;florida
558;miami
560;v_festival
560;virgin
560;vfest
560;music
560;gig
560;live
560;interview
560;gossip
561;vfestival
561;virgin_festival
561;australia
561;live
561;gig
561;festival
561;music
562;vfestival
562;virgin_festival
562;vfest
562;gig
562;live
562;backstage
562;interview
563;vfestival
563;virgin_festival
563;vfest
563;backstage
563;interview
563;live
563;gig
563;music
564;vfestival
564;vfest
564;virgin_festival
564;australia
564;music
564;live
564;gig
565;virgin_festival
565;australia
565;music
565;gig
565;live
566;v_festival
566;vfest
566;virgin
566;music
566;live
566;gig
566;backstage
567;vfestival
567;virgin_festival
567;australia
567;live
567;music
567;gig
571;chg
571;clubhousegas
571;clubhouse_gas
571;club_house_gas
571;youth_sports
571;sports
571;kids_sports
571;boys_sports
571;girls_sports
571;kids_sports
572;chg
572;clubhousegas
572;clubhouse_gas
572;club_house_gas
572;youth_sports
572;sports
572;kids_sports
572;boys_sports
572;girls_sports
572;sportsmedia
572;sports_blog
572;sports_vlog
572;medical
572;clubhousegas
572;clubhouse_gas
572;club_house_gas
572;youth
573;islam
573;jesus
573;religion
573;bible
573;to
573;science
574;comedy
