iddoc;nom;categorie
0;Griotgreg-2009AcuraTLSHAWD834.flv.ogv.xml;1001
1;Griotgreg-2009VWTOUAREGTDI665.flv.ogv.xml;1001
2;Griotgreg-2010LexysHS250h753.flv.ogv.xml;1001
3;Griotgreg-BentleyContientalGT224.flv.ogv.xml;1001
4;Griotgreg-HondaInsight305.flv.ogv.xml;1001
5;Griotgreg-NissanAltimaCoupe487.flv.ogv.xml;1001
6;Griotgreg-TheVeggieCar998.flv.ogv.xml;1001
7;Rmc-BusLaneWithParkingSpaces977.flv.ogv.xml;1001
8;ChefsLine-IsraeliCouscous910.flv.ogv.xml;1009
9;ChefsLine-KansasCityBarbecueSauce196.flv.ogv.xml;1009
10;ChefsLine-PastaFrittata697.flv.ogv.xml;1009
11;ChefsLine-SpicyLambBurgersWithRaita938.flv.ogv.xml;1009
12;CookingUpAStory-BackyardChickensTourDeCoops216.flv.ogv.xml;1009
13;Crashsolo-OneMinuteSemiHomemadeMoneySavingMeals299.flv.ogv.xml;1009
14;Culinarymedia-ChefMarksQuickBitesBlackGarlic132.flv.ogv.xml;1009
15;Culinarymedia-CMNVideoCocktailHourBasilMoTeato848.flv.ogv.xml;1009
16;Culinarymedia-CMNVideoDiscoveringColonialVirginia791.flv.ogv.xml;1009
17;Culinarymedia-CMNVideoForkInTheRoadPerSe357.flv.ogv.xml;1009
18;Culinarymedia-QuickBitesHawaiiKapaluaFarmsComposting226.flv.ogv.xml;1009
19;Culinarymedia-QuickBitesHawaiiMakawaoMushroomsMaui217.flv.ogv.xml;1009
20;Culinarymedia-QuickBitesWalesNationalBotanicGarden555.flv.ogv.xml;1009
21;Dahowlett-PulpoGaliciana440.flv.ogv.xml;1009
22;Drinkart-MakersMarkEggNogArtOfTheDrink51899.flv.ogv.xml;1009
23;Drinkart-SharkIceArtOfTheDrink67614.flv.ogv.xml;1009
24;Drinkart-SingaporeSlingArtOfTheDrink50269.flv.ogv.xml;1009
25;Globaldyana-4thOfJulyInMexicoCityAtArroyoRestaurant253.flv.ogv.xml;1009
26;JeffBrooks-WelcomeToScreamFresh457.flv.ogv.xml;1009
27;Johnlieberman-FoodgangFrenchRestaurantMiamiBeachSurfsideReviewByJohnL624.flv.ogv.xml;1009
28;Johnlieberman-SpecchioItalianRestaurantMiamiBeachSurfsideReviewByJohn753.flv.ogv.xml;1009
29;Legourmettv-1860BeerBrewingPart3901.flv.ogv.xml;1009
30;Legourmettv-BraisedVealInStout230.flv.ogv.xml;1009
31;Legourmettv-CajunSpiceRubRecipe979.flv.ogv.xml;1009
32;Legourmettv-CleaningMussels450.flv.ogv.xml;1009
33;Legourmettv-CuminSaladDressingRecipe423.flv.ogv.xml;1009
34;Legourmettv-HotAndSpicyGrillRub861.flv.ogv.xml;1009
35;Legourmettv-HowToMakeAGrahamCrackerCrust902.flv.ogv.xml;1009
36;Legourmettv-HowToMakeEggMeringue127.flv.ogv.xml;1009
37;Legourmettv-MontrealSteakSpiceRecipe377.flv.ogv.xml;1009
38;Legourmettv-PEIFoodFestivals124.flv.ogv.xml;1009
39;Legourmettv-RibNChickenSpiceRubRecipe479.flv.ogv.xml;1009
40;Libationblog-CucumberCupCocktailRecipe810.flv.ogv.xml;1009
41;Libationblog-JDSmoothieDrink389.flv.ogv.xml;1009
42;Oneteaaweek-OneTeaAWeekIntroductionVideoPodcast418.flv.ogv.xml;1009
43;Plus1tv-BarcraftTrailer801.flv.ogv.xml;1009
44;RVO174-Episode17Persimmons850.flv.ogv.xml;1009
45;SeraphimWines-SamScarparisWINEPORNOTV17469.flv.ogv.xml;1009
46;Stevegarfield-MyMomsCookies297.flv.ogv.xml;1009
47;TastingNotesAtDistrict-RoccapiaSangioveseChiantiTuscanyItaly2007862.flv.ogv.xml;1009
48;Teatips-TeaTipsEpisode14CravingTeas761.flv.ogv.xml;1009
49;Teatips-TeaTipsEpisode851952PuerhTea598.flv.ogv.xml;1009
50;TheWineVault-CentralOtagoVsMarlboroughPinotNoirWVTVEpisode74534.flv.ogv.xml;1009
51;Wardy-Episode36CheeseSteak697.flv.ogv.xml;1009
52;Wardy-Episode71Announcement737.flv.ogv.xml;1009
53;Wardy-RestaurantFoodFastEpisode24494.flv.ogv.xml;1009
54;Acnethai-414.flv.ogv.xml;1011
55;Acnethai-EP4HowToMakeUpForAcneFromBobbiBrown565.flv.ogv.xml;1011
56;Bavc-GossipChismeDeborah157.flv.ogv.xml;1011
57;Bavc-GustavosStoryHistoriaDeGustavoIvonne893.flv.ogv.xml;1011
58;Bavc-MyPrinceCharmingMiPrincipeAzulVeronica726.flv.ogv.xml;1011
59;Critter-InsanityWeek3Day3400.flv.ogv.xml;1011
60;Dinap830-GE17HeartOpeningStuff494.flv.ogv.xml;1011
61;Dinap830-GE22QuadsInnerHotness754.flv.ogv.xml;1011
62;Dinap830-GE26BindsThoseBlastedTraps955.flv.ogv.xml;1011
63;Dinap830-GE27CoreTransversusSixPack251.flv.ogv.xml;1011
64;Dinap830-GE32AlternatingNostrilsBrains976.flv.ogv.xml;1011
65;Dinap830-GE36EwLocusts586.flv.ogv.xml;1011
66;Dinap830-GE42ExercisesNotNice773.flv.ogv.xml;1011
67;Dinap830-GE50PostPartyTwist630.flv.ogv.xml;1011
68;Dinap830-GE54CockeyedTwistArr876.flv.ogv.xml;1011
69;Dinap830-GE75TwoGurusADoOver839.flv.ogv.xml;1011
70;Dinap830-GE84PitsOpenNoBlues628.flv.ogv.xml;1011
71;Dinap830-GE93AlmostAtPeakPoseStretches509.flv.ogv.xml;1011
72;Dinap830-GE96WallNStrapStretching900.flv.ogv.xml;1011
73;EngenderHealth-www3for1orgFromEngenderHealth990.flv.ogv.xml;1011
74;Guidonia-DisabiliAGuidoniaMontecelio111.flv.ogv.xml;1011
75;InnerBonding-UnderstandingAndOvercomingAddictions970.flv.ogv.xml;1011
76;JillForrest-YogaBabyEpisode21724.flv.ogv.xml;1011
77;Luukdiphoorn-InternationalWaterHouseWithoutWater460.flv.ogv.xml;1011
78;Marcdavid-BurnTheFatInnerCircleVideoTour518.flv.ogv.xml;1011
79;SEEPROGRESS-TheHealthCareCrisis47MillionCantAffordToGetSick131.flv.ogv.xml;1011
80;Theexsmoker-WelcomeToTheExSmokercom729.flv.ogv.xml;1011
81;TheJAMAREPORT-ADULTSTEMCELLSAREHELPINGPATIENTSWITHAUTOIMMUNEDISEASESA376.flv.ogv.xml;1011
82;TheJAMAREPORT-ADVANCESINGENETICMEDICINEAREGREATBUTSOMEHEALTHCAREWORKE804.flv.ogv.xml;1011
83;TheJAMAREPORT-BABIESBORNPREMATUREMAYHAVECONTINUEDHEALTHRISKSDURINGCHI237.flv.ogv.xml;1011
84;TheJAMAREPORT-BISPHENOLAASSOCIATEDWITHANINCREASEDRISKOFDISEASEINADUL565.flv.ogv.xml;1011
85;TheJAMAREPORT-CHANGESTOMEDICAREANDACCESSTOCAREFORCANCERPATIENTS318.flv.ogv.xml;1011
86;TheJAMAREPORT-COMBINATIONOFMAMMOGRAPHYANDULTRASOUNDINCREASESDETECTIONOF782.flv.ogv.xml;1011
87;TheJAMAREPORT-COSTOFTREATINGSPINEPROBLEMSINCREASESBUTPATIENTSONAVERAG415.flv.ogv.xml;1011
88;TheJAMAREPORT-FAMILYHISTORYOFCOLORECTALCANCERMAYIMPROVECHANCEOFSURVIV604.flv.ogv.xml;1011
89;TheJAMAREPORT-FATNESSVERSUSFITNESSCARDIOVASCULARFITNESSAPPEARSMOREIMPOR970.flv.ogv.xml;1011
90;TheJAMAREPORT-GENEMUTATIONMAYHELPEXPLAINDIFFERENCEINLUNGFUNCTIONAMONG450.flv.ogv.xml;1011
91;TheJAMAREPORT-HIVINFECTIONRATESINUSHIGHERTHANFIRSTTHOUGHT184.flv.ogv.xml;1011
92;TheJAMAREPORT-HOSPITALIZEDPATIENTSARELESSLIKELYTOSURVIVECARDIACARREST590.flv.ogv.xml;1011
93;TheJAMAREPORT-LOWERBLOODPRESSUREANDCHOLESTEROLTARGETSFORDIABETICSMAYR892.flv.ogv.xml;1011
94;TheJAMAREPORT-MERCKFAILSTODISCLOSEMORTALITYRISKASSOCIATEDWITHVIOXX529.flv.ogv.xml;1011
95;TheJAMAREPORT-MILITARYTROOPSRETURNINGFROMCOMBATMAYEXPERIENCEBINGEDRINK180.flv.ogv.xml;1011
96;TheJAMAREPORT-MONITORINGBLOODPRESSUREATHOMEANDONASECUREWEBSITEMAYH793.flv.ogv.xml;1011
97;TheJAMAREPORT-OBESITYLEVELSAMONGCHILDRENANDTEENSSTABILIZE688.flv.ogv.xml;1011
98;TheJAMAREPORT-PATIENTSLIVINGINRURALAREASARELESSLIKELYTORECEIVEORGAN429.flv.ogv.xml;1011
99;TheJAMAREPORT-RESEARCHERSIDENTIFYPREDICTORSFORSPINEFRACTURESMOSTCOMMON338.flv.ogv.xml;1011
100;TheJAMAREPORT-RESEARCHERSSTUDYUSFAMILIESINWHICHATLEASTONEPARENTHASH276.flv.ogv.xml;1011
101;TheJAMAREPORT-ROUTINECARDIACCATHETERIZATIONBENEFITSSOMEWOMENWITHHEARTD782.flv.ogv.xml;1011
102;TheJAMAREPORT-SOMEPATIENTSNOTABLETOAFFORDPRESCRIPTIONSDESPITEENROLLING660.flv.ogv.xml;1011
103;TheJAMAREPORT-STJOHNSWORTDOESNOTIMPROVESYMPTOMSOFATTENTIONDEFICITHYPE461.flv.ogv.xml;1011
104;TheJAMAREPORT-STUDYFINDSASSOCIATIONBETWEENDIABETESANDDEPRESSION881.flv.ogv.xml;1011
105;TheJAMAREPORT-STUDYFINDSBETTERQUALITYOFLIFEFORTERMINALLYILLPATIENTSW666.flv.ogv.xml;1011
106;TheJAMAREPORT-STUDYFINDSBVITAMINSDONOTHELPPREVENTHEARTATTACKSORSTRO962.flv.ogv.xml;1011
107;TheJAMAREPORT-STUDYFINDSDIVERSITYWITHINUSMEDICALSCHOOLSHELPSTOTREATA629.flv.ogv.xml;1011
108;TheJAMAREPORT-STUDYFINDSGINKGOBILOBADOESNOTHELPPREVENTDEMENTIAANDALZ761.flv.ogv.xml;1011
109;TheJAMAREPORT-STUDYFINDSHIGHDOSEINTAKEOFTHREEBVITAMINS578.flv.ogv.xml;1011
110;TheJAMAREPORT-STUDYFINDSHIGHDOSEINTAKEOFTHREEBVITAMINSDOESNOTREDUCE116.flv.ogv.xml;1011
111;TheJAMAREPORT-STUDYFINDSHIGHDOSEINTAKEOFVITAMINSCEDOESNOTREDUCERIS816.flv.ogv.xml;1011
112;TheJAMAREPORT-STUDYFINDSMANYCHILDRENARENOTGETTINGTHEPHYSICALACTIVITY334.flv.ogv.xml;1011
113;TheJAMAREPORT-STUDYFINDSMARIJUANASMOKINGISRISKFACTORFORGUMDISEASE519.flv.ogv.xml;1011
114;TheJAMAREPORT-STUDYFINDSPHYSICALACTIVITYMAYHELPIMPROVECOGNITIVEFUNCTIO827.flv.ogv.xml;1011
115;TheJAMAREPORT-STUDYFINDSPOPCORNNUTSANDCORNDONOTINCREASETHEINCIDENCE585.flv.ogv.xml;1011
116;TheJAMAREPORT-STUDYFINDSRACIALDISPARITYNOLONGERASSOCIATEDWITHNATIONSC280.flv.ogv.xml;1011
117;TheJAMAREPORT-STUDYFINDSSIGNIFICANTDIFFERENCESINCARDIACARRESTINCIDENCE764.flv.ogv.xml;1011
118;TheJAMAREPORT-STUDYMEASURESPREVALENCEOFCANCERCAUSINGGENEMUTATIONINHISP365.flv.ogv.xml;1011
119;TheJAMAREPORT-STUDYSHOWSCHANGEINLIFESYTLEHABITS389.flv.ogv.xml;1011
120;TheJAMAREPORT-TEENAGERSWHODONATEBLOODMAYEXPERIENCEANADVERSEREACTION941.flv.ogv.xml;1011
121;TheJAMAREPORT-TESTOSTERONESUPPLEMENTATIONNOTBENEFICIALINCOMBATINGMOSTEF226.flv.ogv.xml;1011
122;TheJAMAREPORT-VIAGRAAPPEARSTOHELPTREATANTIDEPRESSANTRELATEDSEXUALSIDE318.flv.ogv.xml;1011
123;TheJAMAREPORT-VITAMINEIMPORTANTTOPHYSICALHEALTHASYOUAGE908.flv.ogv.xml;1011
124;TheJAMAREPORT-WEIGHTLOSSDRUGSHOWSPROMISEFORHELPINGTHOSEWITHCORONARYH748.flv.ogv.xml;1011
125;TheJAMAREPORT-WOMENREMAINATRISKFORBREASTCANCERTHREEYEARSAFTERSTOPPIN770.flv.ogv.xml;1011
126;TheJAMAREPORT-WOMENWHOQUITSMOKINGCANDECREASETHEIRRISKOFCERTAINFATAL707.flv.ogv.xml;1011
127;Actorsandcrew-TheBigBreak844.flv.ogv.xml;1013
128;Akachan-XF3ARMYProjectPromo360.flv.ogv.xml;1013
129;Celluloidremix-Cellushape912.flv.ogv.xml;1013
130;Coruway-BaldGuyOnClimateChange001743.flv.ogv.xml;1013
131;Davidleeking-fun409.flv.ogv.xml;1013
132;DigitalFrontiers-ApolloBeyondCh21Of21TheFinalSolution255.flv.ogv.xml;1013
133;Etopianewsnow-EdwardBunkerOnTheSocialContractAndSlavery908.flv.ogv.xml;1013
134;Etopianewsnow-MarcLawrenceTalksAboutLongTimeNoSee175.flv.ogv.xml;1013
135;Etopianewsnow-RachelMcAdamsExpressesGratitudeToTechnologyAtAMPASTechA158.flv.ogv.xml;1013
136;GVTVNEWS-GVTVNews010308NCTV11Part2854.flv.ogv.xml;1013
137;GVTVNEWS-GVTVNews010508NCTV11Part2805.flv.ogv.xml;1013
138;GVTVNEWS-GVTVNews070307540.flv.ogv.xml;1013
139;GVTVNEWS-GVTVNews073108NCTV11557.flv.ogv.xml;1013
140;GVTVNEWS-GVTVWeather072007743.flv.ogv.xml;1013
141;JimCropcho-jimUglyBetty704.flv.ogv.xml;1013
142;KELLYTV-ANGELSANDDEMONSFEATURETTE369.flv.ogv.xml;1013
143;Labambola-Teaser20DelVideobookDeCristinaDominguez639.flv.ogv.xml;1013
144;Mediagrouptv-CircuitoOff2008Day01OpeningParty179.flv.ogv.xml;1013
145;Mediagrouptv-SecondSexeTintoBrassKickTheCockCircuitoOff2008Day04684.flv.ogv.xml;1013
146;MeetCleaverTheatre-MCTBlackSheep339.flv.ogv.xml;1013
147;MeetCleaverTheatre-MCTTribulation99ZELDA494.flv.ogv.xml;1013
148;Nerdgasmic-BattlestarGalacticaRevelations479.flv.ogv.xml;1013
149;Newsdate2011-Episode1ADevilOnMyDesk541.flv.ogv.xml;1013
150;Opiatefilms-BasketcaseActionscifiWebseriesPilot459.flv.ogv.xml;1013
151;Opiatefilms-SimonEmilyFHTAPromoHQ175.flv.ogv.xml;1013
152;Petepo-DriveLessSaveMoreInfomercial904.flv.ogv.xml;1013
153;Publicdomain-advertisment_aurora_drag_race_set681.flv.ogv.xml;1013
154;Publicdomain-advertisment_baggies_plastic_bags573.flv.ogv.xml;1013
155;Publicdomain-advertisment_crest_toothpaste_1310.flv.ogv.xml;1013
156;Publicdomain-advertisment_crest_toothpaste800.flv.ogv.xml;1013
157;Publicdomain-advertisment_folgers_coffee_10207.flv.ogv.xml;1013
158;Publicdomain-advertisment_folgers_coffee_5754.flv.ogv.xml;1013
159;Publicdomain-advertisment_folgers_coffee_8927.flv.ogv.xml;1013
160;Publicdomain-advertisment_ge_bender408.flv.ogv.xml;1013
161;Publicdomain-advertisment_ivory_soap497.flv.ogv.xml;1013
162;Publicdomain-advertisment_jet_national563.flv.ogv.xml;1013
163;Publicdomain-advertisment_mennen_baby_magic442.flv.ogv.xml;1013
164;Publicdomain-advertisment_newport_cigarettes_1259.flv.ogv.xml;1013
165;Publicdomain-advertisment_newport_cigarettes_3657.flv.ogv.xml;1013
166;Publicdomain-advertisment_new_port_cigarettes_5531.flv.ogv.xml;1013
167;Publicdomain-advertisment_norelco_shaver677.flv.ogv.xml;1013
168;Publicdomain-advertisment_oldsmobile_2707.flv.ogv.xml;1013
169;Publicdomain-advertisment_sunbeam_bread_1400.flv.ogv.xml;1013
170;Publicdomain-advertisment_sunbeam_bread_4359.flv.ogv.xml;1013
171;Publicdomain-advertisment_sunbeam_bread_6984.flv.ogv.xml;1013
172;Publicdomain-advertisment_sunbeam_bread_8815.flv.ogv.xml;1013
173;Publicdomain-advertisment_sunbeam_bread_9274.flv.ogv.xml;1013
174;Publicdomain-advertisment_tide619.flv.ogv.xml;1013
175;Publicdomain-advertisment_us_steel_1373.flv.ogv.xml;1013
176;Publicdomain-advertisment_vicks_ny_quil298.flv.ogv.xml;1013
177;Publicdomain-advertisment_vitalis876.flv.ogv.xml;1013
178;Publicdomain-humorous_funny_faces_1906278.flv.ogv.xml;1013
179;ReViewMe-LongAnimeSeriesRant505.flv.ogv.xml;1013
180;ReViewMe-ReViewMeEpisode11TwoForOneTwilightBookAndMovieReview756.flv.ogv.xml;1013
181;ReViewMe-TsubasaReservoirChronicleVolumes16Unboxing339.flv.ogv.xml;1013
182;Runadun-2008AnEggOdyssey534.flv.ogv.xml;1013
183;SceneStealers-IronManMovieReviewBySceneStealerscom872.flv.ogv.xml;1013
184;SceneStealers-SceneStealerscomRedesignTeaser1666.flv.ogv.xml;1013
185;SceneStealers-SceneStealerscomRedesignTeaser2723.flv.ogv.xml;1013
186;Scottyiseri-SGAOJS02E24306.flv.ogv.xml;1013
187;Solique-CinemaSceneDiscussionsMilosForman782.flv.ogv.xml;1013
188;Solique-TheRapeOfEuropaReview951.flv.ogv.xml;1013
189;Tooncast-TalkLikeAPirateDay993.flv.ogv.xml;1013
190;Underlab-ShortFilmsDawnDubrielsTheLastDutchess521.flv.ogv.xml;1013
191;Barandide-CarmenTrailer259.flv.ogv.xml;1014
192;Barandide-PucciniMadameButterfly740.flv.ogv.xml;1014
193;Bluecanoerecords-BlessYou868.flv.ogv.xml;1014
194;Bluecanoerecords-DatzIt241.flv.ogv.xml;1014
195;Bluecanoerecords-JosephPatrickMooreTalksAboutMilesDavis954.flv.ogv.xml;1014
196;Bluecanoerecords-NabilKhemir770.flv.ogv.xml;1014
197;Cariblifecentral-3EnergyGodElephantManMiamiDancehallConcert780.flv.ogv.xml;1014
198;Chuckm-SummerInTheCityACappella546.flv.ogv.xml;1014
199;ClaudeBesson-JOYEUXNOEL355.flv.ogv.xml;1014
200;ClaudeBesson-LesNewsDuCARGOClub218.flv.ogv.xml;1014
201;ClaudeBesson-ROCKAAGORA28012007188.flv.ogv.xml;1014
202;Clif-Episode1570.flv.ogv.xml;1014
203;CorrosionDC-MightyMikeSagaAndC365RadioCrashYour4thOfJulyParty655.flv.ogv.xml;1014
204;Craigleach21-MultiMovements433.flv.ogv.xml;1014
205;CutthroatMolloy-AskScuurvy607.flv.ogv.xml;1014
206;CutthroatMolloy-VictorianBushfiresBenefitGigSUNMarch1stMonstrothic235Ed551.flv.ogv.xml;1014
207;CutthroatMolloy-WhatCouldBeBetter245.flv.ogv.xml;1014
208;Daterobertpattinson-RobertPattinsonInLoveShowersKristenStewartWithGifts930.flv.ogv.xml;1014
209;Davidleeking-djembe139.flv.ogv.xml;1014
210;Dobro33H-CheapThrils651.flv.ogv.xml;1014
211;DrinkingWithBob-BritneySpearsIsGoingOnTour210.flv.ogv.xml;1014
212;Eclectone-HappyNewYearFromEclectoneRecords790.flv.ogv.xml;1014
213;Eddiedotcom-TheCandySong809.flv.ogv.xml;1014
214;Eduardoquezada-CarlosTheInternWinsSingingContest253.flv.ogv.xml;1014
215;Eduardoquezada-QuerenciaCancionInterpretadaPorLosHnosQuezada599.flv.ogv.xml;1014
216;Eighthrs-HardLuck790.flv.ogv.xml;1014
217;Elinertv-CurtMegaAndLightInThePiazza111.flv.ogv.xml;1014
218;Francoventoso-2MarcoCalcinaroECarloDeSignoribusBluesOnTheRoad234.flv.ogv.xml;1014
219;Francoventoso-3CarloDeSignoribusEAltriBluesOnTheRoad581.flv.ogv.xml;1014
220;Francoventoso-francomorone6766.flv.ogv.xml;1014
221;Grollett-GRoUpdateOnRockForHungerFest3719.flv.ogv.xml;1014
222;Guidonia-LionsPubTivoliLocaleSalsaKaraokePianoBarVillaAdrian290.flv.ogv.xml;1014
223;Guidonia-LionsPubTivoliLocaleSalsaKaraokePianoBarVillaAdrian479.flv.ogv.xml;1014
224;Guidonia-LionsPubTivoliLocaleSalsaKaraokePianoBarVillaAdrian886.flv.ogv.xml;1014
225;Heywood-EKGZZLiveMusicVideoCheapSunGlasses717.flv.ogv.xml;1014
226;Ironmanrecords-LastUnderTheSunNotInMyName2004Breizh383.flv.ogv.xml;1014
227;Ironmanrecords-LastUnderTheSunTheDon758.flv.ogv.xml;1014
228;Jake-JeanMichelJarreOxygenePlayedByMeOnTheKeyboard480.flv.ogv.xml;1014
229;Jasonheath-BassByChrisThrelkeldWiegand763.flv.ogv.xml;1014
230;Jasonheath-BassForSaleContactToddMatthewsForDetails997.flv.ogv.xml;1014
231;Jasonheath-IanHallasPerformsBottesiniMvt1997.flv.ogv.xml;1014
232;Jasonheath-MyCrazyStandPartner806.flv.ogv.xml;1014
233;Jasonheath-RealitiesOfFulltimeFreelancing244.flv.ogv.xml;1014
234;KELLYTV-IFIWASYOURMANBYJOE111.flv.ogv.xml;1014
235;KELLYTV-LIFEAFTERDEATHJAMALWOODARDSOULSNATCHER818.flv.ogv.xml;1014
236;KELLYTV-PRECIOUSMOVIETRAILERBYTYLERPERRYNORRAH403.flv.ogv.xml;1014
237;KELLYTV-SOUTHERNENTERTAINMENTAWARDSVOTE4KANERIDIAMOND211.flv.ogv.xml;1014
238;Lhgreene-RogueOperasLaBohemePromoVideo466.flv.ogv.xml;1014
239;Lorenzosmusic-DrinkinByMyselfLorenzosMusic722.flv.ogv.xml;1014
240;Maqex-AmorDeMadreLuisEnriqueMejaGodoy431.flv.ogv.xml;1014
241;Marquisdejolie-PennyArcadeOfMyEarlyStuff522.flv.ogv.xml;1014
242;Mdtmusic-InTheNameOfTheFamilySuite496.flv.ogv.xml;1014
243;Mdtmusic-Salvation491.flv.ogv.xml;1014
244;Mdtmusic-SpaceAce273.flv.ogv.xml;1014
245;Menomenation-NoahGundersenJesusJesusLiveTheRedRoom3152009756.flv.ogv.xml;1014
246;Mode2-LeeveyILikeLove494.flv.ogv.xml;1014
247;Mtaatv-AYFeatAvrilLeoRemix882.flv.ogv.xml;1014
248;Mtaatv-CannibalIWish186.flv.ogv.xml;1014
249;Mtaatv-WyreSheSayDat487.flv.ogv.xml;1014
250;Muzik4machines-MuddyMilfshakeMuzik4MachinesNewRoomIMovie743.flv.ogv.xml;1014
251;Patrizio_m-50CentFeatJustinTimberlakeAyoTechnologyPatrizioMarchesa792.flv.ogv.xml;1014
252;Poetminor158-BllyLittleInterview663.flv.ogv.xml;1014
253;Poetminor158-ThePoetOfTheMillenium230.flv.ogv.xml;1014
254;PrivateLessons-PrivateLessonscomSoundbitesNewYorkSingerJacquelynFamilant367.flv.ogv.xml;1014
255;PrivateLessons-PRIVATELESSONSSoundbitesReneeSaxonPhoenixVoice206.flv.ogv.xml;1014
256;ReViewMe-FunStuffMyDogLibby508.flv.ogv.xml;1014
257;ReViewMe-ReViewMeEpisode14SkilletAwakeAlbumDeluxeEdition473.flv.ogv.xml;1014
258;Robmumble-QManPromo445.flv.ogv.xml;1014
259;SnitcherTV-SnitcherHardcoreBluesII362.flv.ogv.xml;1014
260;SnitcherTV-SnitcherHardcoreBluesIII417.flv.ogv.xml;1014
261;SnitcherTV-SnitcherHardcoreBluesIV328.flv.ogv.xml;1014
262;Spcbrass-AdiosArrivederciAuRevoirAufWiedersehenAndGoodbye626.flv.ogv.xml;1014
263;Spcbrass-RainDrops770.flv.ogv.xml;1014
264;Spindaily-IndependentSpiritAwardsRedCarpetStyle623.flv.ogv.xml;1014
265;Spindaily-LAFashionWeekVerusNewYorkFashionWeek327.flv.ogv.xml;1014
266;Studiomuscle-DanielJohnstonTheLastSong904.flv.ogv.xml;1014
267;Stupidfamouspeople-AdimariLopezLuisFonsiArriveToMarcAnthonys40thBirthday894.flv.ogv.xml;1014
268;Stupidfamouspeople-AngelinaJolieSignsAutographsOutsideTheChangelingMoviePre561.flv.ogv.xml;1014
269;Stupidfamouspeople-BobWeirPhilLeshOfGratefulDeadSignAutographsInNYC882.flv.ogv.xml;1014
270;Stupidfamouspeople-BoxingAnnouncerMichaelBufferInNewYorkCity949.flv.ogv.xml;1014
271;Stupidfamouspeople-BradPittAndAngelinaJolieLeavingTheChangelingPremiereIn964.flv.ogv.xml;1014
272;Stupidfamouspeople-ChristianCamargoLeavesAllMySonsOnBroadwayInNYC868.flv.ogv.xml;1014
273;Stupidfamouspeople-ClayAikenAvoidsGayQuestionsFromPaparazziAtSpamalot742.flv.ogv.xml;1014
274;Stupidfamouspeople-DakotaFanningArrivesToTheTodayShowInNewYorkCity427.flv.ogv.xml;1014
275;Stupidfamouspeople-FergieOfTheBlackEyedPeasArrivesAtFashionRocks2008Rehe858.flv.ogv.xml;1014
276;Stupidfamouspeople-GuadalupeLopezJenniferLopezMotherArrivesToMarcAnthonys4115.flv.ogv.xml;1014
277;Stupidfamouspeople-HarveyKeitelLeavesBarneysInNewYorkCity673.flv.ogv.xml;1014
278;Stupidfamouspeople-JamieOliverTheNakedChefTalksOutsideDavidLetterman750.flv.ogv.xml;1014
279;Stupidfamouspeople-JayZAndKanyeWestLeaveMarcJacobsSpring2009FashionShowI466.flv.ogv.xml;1014
280;Stupidfamouspeople-JenniferLopezAndVictoriaBeckhamArriveToTheMarcJacobsSp767.flv.ogv.xml;1014
281;Stupidfamouspeople-JohnMayerAndBrotherCarlMayerLeaveNobuRestaurantInNewY868.flv.ogv.xml;1014
282;Stupidfamouspeople-JohnMayerLeavesHisSohoApartmentInNewYorkCity226.flv.ogv.xml;1014
283;Stupidfamouspeople-KatieHolmesStrollingThroughNewYorkCityAfterLeavingHerD440.flv.ogv.xml;1014
284;Stupidfamouspeople-KimoraLeeSimmonsDjimonHounsouArriveToMarcAnthonys40th435.flv.ogv.xml;1014
285;Stupidfamouspeople-KimRaverLeavesMarcJacobsSpring2009FashionShowInNewYor562.flv.ogv.xml;1014
286;Stupidfamouspeople-KirstenDunstAtTheHounddogMoviePremiereInNYC985.flv.ogv.xml;1014
287;Stupidfamouspeople-LeonaLewisAtFashionRocks2008InNewYorkCityFashionWeek531.flv.ogv.xml;1014
288;Stupidfamouspeople-LindsayPriceAndBoyfriendRobertBuckleyOutAndAboutInNew188.flv.ogv.xml;1014
289;Stupidfamouspeople-MileyCyrusChecksOutOfHerHotelInNewYorkCity258.flv.ogv.xml;1014
290;Stupidfamouspeople-PaparazziFootageOfArtieLangOfHowardSternJokingWithFans826.flv.ogv.xml;1014
291;Stupidfamouspeople-PaparazziFootageOfBenAffleckAndJenniferGarnerWithoutBab353.flv.ogv.xml;1014
292;Stupidfamouspeople-PaparazziFootageOfBrookeShieldsAndGinaGershonInNewYork651.flv.ogv.xml;1014
293;Stupidfamouspeople-PaparazziFootageOfChampionBoxerRoyJonesJrAtGoodMorning829.flv.ogv.xml;1014
294;Stupidfamouspeople-PaparazziFootageOfCynthiaNixonBeingGrumpyInTheCity519.flv.ogv.xml;1014
295;Stupidfamouspeople-PaparazziFootageOfEmmaRobertsJuliaRobertsNieceInNewYor546.flv.ogv.xml;1014
296;Stupidfamouspeople-PaparazziFootageOfGuitaristStevenVanZandtOfBruceSprings959.flv.ogv.xml;1014
297;Stupidfamouspeople-PaparazziFootageOfJackBlackShowingOffHisKungFuPandaSk629.flv.ogv.xml;1014
298;Stupidfamouspeople-PaparazziFootageOfJennyLewisAtLateShowWithDavidLetterm133.flv.ogv.xml;1014
299;Stupidfamouspeople-PaparazziFootageOfJennyLewisAtLateShowWithDavidLetterm317.flv.ogv.xml;1014
300;Stupidfamouspeople-PaparazziFootageOfKateBosworthBoyfriendJamesRousseauIn611.flv.ogv.xml;1014
301;Stupidfamouspeople-PaparazziFootageOfKellyRutherfordWithHusbandAndBabySon620.flv.ogv.xml;1014
302;Stupidfamouspeople-PaparazziFootageOfRickyGervaisAtLateShowWithDavidLette756.flv.ogv.xml;1014
303;Stupidfamouspeople-PaparazziSayingHelloToTomCruisesMomAndKatieHolmesParen826.flv.ogv.xml;1014
304;Stupidfamouspeople-PaparazziVideoOfKateBosworthAndBoyfriendJamesRousseauIn959.flv.ogv.xml;1014
305;Stupidfamouspeople-PaparazziVideoOfMileyCyrusAtZ100AndDeniesAutographHoun625.flv.ogv.xml;1014
306;Stupidfamouspeople-PhilCollinsHasNoTimeForHisFansInNewYorkCity729.flv.ogv.xml;1014
307;Stupidfamouspeople-RichardDreyfussLeavesThePremiereOfWInNewYorkCity378.flv.ogv.xml;1014
308;Stupidfamouspeople-RosiePerezAtTheWMoviePremiereInNewYorkCity493.flv.ogv.xml;1014
309;Stupidfamouspeople-SofiaCoppolaArrivesToMarcJacobsSpring2009InNewYorkCit929.flv.ogv.xml;1014
310;Stupidfamouspeople-TomCruiseAndKatieHolmesReturnHomeAfterAllMySonsOpenin152.flv.ogv.xml;1014
311;Stupidfamouspeople-TomCruiseJadaPinkettSmithSneakIntoKatieHolmesPlay566.flv.ogv.xml;1014
312;Stupidfamouspeople-UglyAgynessDeynAndAlbertHammondJrOfTheStrokesLeavingM278.flv.ogv.xml;1014
313;SynchroTheatre-123VideoTrailer550.flv.ogv.xml;1014
314;SynchroTheatre-Hello287.flv.ogv.xml;1014
315;SynchroTheatre-SnowQueenTeaser651.flv.ogv.xml;1014
316;Useeblu-BlubrryJamIsComing335.flv.ogv.xml;1014
317;VirginBob-CourteenersToHeadlineNextVFestival406.flv.ogv.xml;1014
318;VirginBob-CutCopyVFestivalMelbourne450.flv.ogv.xml;1014
319;VirginBob-DuranDuranVFestivalMelbourne275.flv.ogv.xml;1014
320;VirginBob-PresetsVFestivalMelbourne656.flv.ogv.xml;1014
321;VirginBob-VFestivalPerthAustraliaPart3367.flv.ogv.xml;1014
322;VirginBob-VFestivalPerthAustraliaPart4584.flv.ogv.xml;1014
323;VirginBob-VFestivalStealsTheSunshine834.flv.ogv.xml;1014
324;VirginBob-WhipcrackinVFestival241.flv.ogv.xml;1014
325;Wyshy-IJoebotConfessional600.flv.ogv.xml;1014
326;EconomyInCrisis-AlternativeFuelsComeback948.flv.ogv.xml;1016
327;EconomyInCrisis-AmericasRoots430.flv.ogv.xml;1016
328;EconomyInCrisis-ASolutionToTheTradeDeficit674.flv.ogv.xml;1016
329;EconomyInCrisis-BailoutInfighting736.flv.ogv.xml;1016
330;EconomyInCrisis-EconomicIlliteracy922.flv.ogv.xml;1016
331;EconomyInCrisis-FallingUSTaxRevenue222.flv.ogv.xml;1016
332;EconomyInCrisis-FalseFlagsOfRecovery150.flv.ogv.xml;1016
333;EconomyInCrisis-FearsOfANewRecession436.flv.ogv.xml;1016
334;EconomyInCrisis-FinancialReform130.flv.ogv.xml;1016
335;EconomyInCrisis-FixingTheEconomy183.flv.ogv.xml;1016
336;EconomyInCrisis-FreeTradeAndTheClassWar750.flv.ogv.xml;1016
337;EconomyInCrisis-GMBankruptcy879.flv.ogv.xml;1016
338;EconomyInCrisis-JusticeSoutersRetirement978.flv.ogv.xml;1016
339;EconomyInCrisis-MadeInTheUSA595.flv.ogv.xml;1016
340;EconomyInCrisis-PatChoateGovernment846.flv.ogv.xml;1016
341;EconomyInCrisis-PotentialSolutions463.flv.ogv.xml;1016
342;EconomyInCrisis-RoubinisViewOfRecovery247.flv.ogv.xml;1016
343;EconomyInCrisis-TeslaMotors948.flv.ogv.xml;1016
344;EconomyInCrisis-TheAmericanDollar110.flv.ogv.xml;1016
345;EconomyInCrisis-TheCostOfFixingTheUS363.flv.ogv.xml;1016
346;EconomyInCrisis-TheEconomyIsWorseThanItAppears264.flv.ogv.xml;1016
347;EconomyInCrisis-TheFedTransparencyAct911.flv.ogv.xml;1016
348;EconomyInCrisis-TradeDeficitFallsForAllTheWrongReasons193.flv.ogv.xml;1016
349;EconomyInCrisis-WarrenBuffettInflationOnTheHorizon879.flv.ogv.xml;1016
350;Eduardoquezada-EduardoQuezadaEscandonEditorial419.flv.ogv.xml;1016
351;Etopianewsnow-MarcyWinograds2006CampaignSpot458.flv.ogv.xml;1016
352;Hrocus-BradKlippert400.flv.ogv.xml;1016
353;Hrocus-BruceDammeier493.flv.ogv.xml;1016
354;Hrocus-JanAngel693.flv.ogv.xml;1016
355;Hrocus-JohnAhern223.flv.ogv.xml;1016
356;Hrocus-norma2891.flv.ogv.xml;1016
357;Lauraflanders-BillFletcherIranCommentaryOnGRITtv642.flv.ogv.xml;1016
358;Lauraflanders-CommentaryAlexCarlin716.flv.ogv.xml;1016
359;Lauraflanders-DavidSirotaAFunnyThingHappenedOnTheWayToDenver739.flv.ogv.xml;1016
360;Lauraflanders-DavidSirotaCountryFirst158.flv.ogv.xml;1016
361;Lauraflanders-DavidSirotaMakingGoliathWalk993.flv.ogv.xml;1016
362;Lauraflanders-FWordJuly72008594.flv.ogv.xml;1016
363;Lauraflanders-GRITtvCommentaryBillFletcherOnBaseball408.flv.ogv.xml;1016
364;Lauraflanders-GRITtvCommentaryBrianJones977.flv.ogv.xml;1016
365;Lauraflanders-GRITtvCommentaryDavidSirotaOnJuly142008673.flv.ogv.xml;1016
366;Lauraflanders-GRITtvCommentaryDavidSirotaOnObamaAndCentrism866.flv.ogv.xml;1016
367;Lauraflanders-GRITtvCommentaryDedrickMuhammad775.flv.ogv.xml;1016
368;Lauraflanders-GRITtvCommentaryDoIHearABidForPatientDebt945.flv.ogv.xml;1016
369;Lauraflanders-GRITtvCommentaryHeidiBoghosian632.flv.ogv.xml;1016
370;Lauraflanders-GRITtvCommentaryJune232008546.flv.ogv.xml;1016
371;Lauraflanders-GRITtvCommentaryLauraFlandersOnDelMartinsPassing980.flv.ogv.xml;1016
372;Lauraflanders-GRITtvCommentaryMarthaBurk867.flv.ogv.xml;1016
373;Lauraflanders-GRITtvCommentaryMoniqueHarden9308247.flv.ogv.xml;1016
374;Lauraflanders-GRITtvCommentarySomeThingsThatNeverChange896.flv.ogv.xml;1016
375;Lauraflanders-GRITtvCommentaryTheFoodCrisis776.flv.ogv.xml;1016
376;Lauraflanders-GRITtvDavidBenderOnTheHillaryRFKFlap225.flv.ogv.xml;1016
377;Lauraflanders-GRITtvFeaturesRemixDISAPPOINTMENTStranahan875.flv.ogv.xml;1016
378;Lauraflanders-GRITtvFWordJuly92008321.flv.ogv.xml;1016
379;Lauraflanders-GRITtvPhyllisBennisCommentary874.flv.ogv.xml;1016
380;Lauraflanders-LiveFromMainstreet902.flv.ogv.xml;1016
381;Lauraflanders-TheFWordAugust112008131.flv.ogv.xml;1016
382;Lauraflanders-TheFWordAugust122008443.flv.ogv.xml;1016
383;Lauraflanders-TheFWordAugust132008181.flv.ogv.xml;1016
384;Lauraflanders-TheFWordAugust142008569.flv.ogv.xml;1016
385;Lauraflanders-TheFWordAugust182008896.flv.ogv.xml;1016
386;Lauraflanders-TheFWordAugust192008478.flv.ogv.xml;1016
387;Lauraflanders-TheFWordAugust272008LiveFromDNC258.flv.ogv.xml;1016
388;Lauraflanders-TheFWordAugust282008LiveFromDNC679.flv.ogv.xml;1016
389;Lauraflanders-TheFWordAugust52008441.flv.ogv.xml;1016
390;Lauraflanders-TheFWordAugust72008ISOLATED484.flv.ogv.xml;1016
391;Lauraflanders-TheFWordJuly142008282.flv.ogv.xml;1016
392;Lauraflanders-TheFWordJuly162008867.flv.ogv.xml;1016
393;Lauraflanders-TheFWordJuly172008163.flv.ogv.xml;1016
394;Lauraflanders-TheFWordJuly22008710.flv.ogv.xml;1016
395;Lauraflanders-TheFWordJuly232008742.flv.ogv.xml;1016
396;Lauraflanders-TheFWordJuly242008216.flv.ogv.xml;1016
397;Lauraflanders-TheFWordJuly32008736.flv.ogv.xml;1016
398;Lauraflanders-TheFWordJuly92008224.flv.ogv.xml;1016
399;Lauraflanders-TheFWordMourningStephanieTubbsJonesAugust212008222.flv.ogv.xml;1016
400;Lauraflanders-TheFWordSeptember22008627.flv.ogv.xml;1016
401;Lauraflanders-TheFWordSeptember32008677.flv.ogv.xml;1016
402;Lauraflanders-TheFWordSeptember82008269.flv.ogv.xml;1016
403;Lauraflanders-TheFWordSeptember92008677.flv.ogv.xml;1016
404;Lauraflanders-TheFWordTheEconomyOfGenerosity808.flv.ogv.xml;1016
405;Lauraflanders-TheFWordWhyIsntRoveInJail919.flv.ogv.xml;1016
406;Lauraflanders-TheFWordWhyObamaNeedsANewDealAugust42008168.flv.ogv.xml;1016
407;Marquisdejolie-VALiars489.flv.ogv.xml;1016
408;Marquisdejolie-VisitingTheShelterPart3147.flv.ogv.xml;1016
409;PDXK-DrillBabyDrillAtTheRNC569.flv.ogv.xml;1016
410;Politicallunch-PoliticalLunch011508597.flv.ogv.xml;1016
411;Politicallunch-PoliticalLunch022108ThursdaySnack106.flv.ogv.xml;1016
412;Politicallunch-PoliticalLunch022908795.flv.ogv.xml;1016
413;Politicallunch-PoliticalLunch031108TuesdaySnack693.flv.ogv.xml;1016
414;Politicallunch-PoliticalLunch031808TuesdaySnack327.flv.ogv.xml;1016
415;Politicallunch-PoliticalLunch032508TuesdaySnack271.flv.ogv.xml;1016
416;Politicallunch-PoliticalLunch040908974.flv.ogv.xml;1016
417;Politicallunch-PoliticalLunch041008GayRightsThursdaySnack297.flv.ogv.xml;1016
418;Politicallunch-PoliticalLunch041508TaxDaySpecial648.flv.ogv.xml;1016
419;Politicallunch-PoliticalLunch042108930.flv.ogv.xml;1016
420;Politicallunch-PoliticalLunch042408ThursdaySnack939.flv.ogv.xml;1016
421;Politicallunch-PoliticalLunch042508736.flv.ogv.xml;1016
422;Politicallunch-PoliticalLunch042908TuesdaySnack650.flv.ogv.xml;1016
423;Politicallunch-PoliticalLunch050608PrimaryTuesdaySnack577.flv.ogv.xml;1016
424;Politicallunch-PoliticalLunch050808MichiganSnack528.flv.ogv.xml;1016
425;Politicallunch-PoliticalLunch051308111.flv.ogv.xml;1016
426;Politicallunch-PoliticalLunch052708875.flv.ogv.xml;1016
427;Politicallunch-PoliticalLunch081208TuesdaySnack407.flv.ogv.xml;1016
428;Politicallunch-PoliticalLunch090608BrunchSpecial10Lessons852.flv.ogv.xml;1016
429;Politicallunch-PoliticalLunch090908TuesdaySnack967.flv.ogv.xml;1016
430;Politicallunch-PoliticalLunch092308150StrategySnack991.flv.ogv.xml;1016
431;Politicallunch-PoliticalLunch093008BailoutBillBlameGameSnack740.flv.ogv.xml;1016
432;Politicallunch-PoliticalLunch100208VPDebateSnack646.flv.ogv.xml;1016
433;Politicallunch-PoliticalLunch100708TuesdaySnack145.flv.ogv.xml;1016
434;Politicallunch-PoliticalLunch101408ProtectingYourVote472.flv.ogv.xml;1016
435;Politicallunch-PoliticalLunch102108TuesdaySnack635.flv.ogv.xml;1016
436;Politicallunch-PoliticalLunch112007TuesdaySnack438.flv.ogv.xml;1016
437;Repgeorgemiller-CongressPassesLandmarkEnergyBill633.flv.ogv.xml;1016
438;Sabbah-ZionismVsJudaism498.flv.ogv.xml;1016
439;SEEPROGRESS-AfterTheEconomicMeltdown947.flv.ogv.xml;1016
440;SEEPROGRESS-ANewEconomicEngineEnergyInThe21stCentury798.flv.ogv.xml;1016
441;SEEPROGRESS-ApollosFireIgnitingAmericasCleanEnergyEconomy987.flv.ogv.xml;1016
442;SEEPROGRESS-BalacingTheBudgetIraqCostsShouldntStopInvestingInAmeric453.flv.ogv.xml;1016
443;SEEPROGRESS-CleanMyRideFlexMyFuelStarringBenAffleckMattDamonCen180.flv.ogv.xml;1016
444;SEEPROGRESS-ClimateChangeTheStateOfTheUnionASKTHEEXPERTDanWeis539.flv.ogv.xml;1016
445;SEEPROGRESS-TheTyrranyOfDeadIdeasMattMillerHIGHLIGHTS844.flv.ogv.xml;1016
446;SEEPROGRESS-TheYahooMicosoftMergerHowPrivateIsYourPrivacyOnline274.flv.ogv.xml;1016
447;SEEPROGRESS-ThisWeekInCongressJuly232007CenterForAmericanProgress303.flv.ogv.xml;1016
448;SEEPROGRESS-USIraqPolicyNeedsAStrategicResetDrLawerenceKorbOnRec361.flv.ogv.xml;1016
449;Talkradionewsservice-CongressmanRoyBluntTalksAboutTheHouseInterruptingTheMem944.flv.ogv.xml;1016
450;TheOintment-4000th264.flv.ogv.xml;1016
451;TheOintment-BlackAndWhite502.flv.ogv.xml;1016
452;TheOintment-ClintonAccusesObamaOfPlagiarism180.flv.ogv.xml;1016
453;TheOintment-DaddysUterusAndOtherStories958.flv.ogv.xml;1016
454;TheOintment-EncoreSuperTuesdayUpdate896.flv.ogv.xml;1016
455;TheOintment-FakeHillaryClintonAdExperienceMatters814.flv.ogv.xml;1016
456;TheOintment-FridayFreshness590.flv.ogv.xml;1016
457;TheOintment-GasPain438.flv.ogv.xml;1016
458;TheOintment-HappyMothersDay180.flv.ogv.xml;1016
459;TheOintment-JuniorSuperTuesday715.flv.ogv.xml;1016
460;TheOintment-MondayMadness320.flv.ogv.xml;1016
461;TheOintment-NotSoSuperDelegates487.flv.ogv.xml;1016
462;TheOintment-ObamaClintonGrudgeMatch758.flv.ogv.xml;1016
463;TheOintment-TaxDeadline756.flv.ogv.xml;1016
464;TheOintment-WeekInReview22208481.flv.ogv.xml;1016
465;TheOintment-WeekInReview4408583.flv.ogv.xml;1016
466;TheOintment-WithFriendsLikeThese940.flv.ogv.xml;1016
467;Aabbey1-InvitationToSummer2009RabbinicalStudySeminarAtHartmanIn262.flv.ogv.xml;1017
468;Aabbey1-RachelSabathBeitHalachmiThreeModelsOfTorahOnCelebrating136.flv.ogv.xml;1017
469;Aabbey1-ShalomHartmanInstitutesInnovativeTheologyConference661.flv.ogv.xml;1017
470;Anglicantv-FCA2009ArchbishopVenables921.flv.ogv.xml;1017
471;Anglicantv-FCA2009BishopBenn159.flv.ogv.xml;1017
472;Anglicantv-FCA2009InterviewWithArchbishopJensenAndArchbishopVeneabl988.flv.ogv.xml;1017
473;Anglicantv-FCA2009RevRoberts569.flv.ogv.xml;1017
474;DetrimentalInformati-BattleForTheTenCommandments529.flv.ogv.xml;1017
475;Fbchattiesburg-Miracle961.flv.ogv.xml;1017
476;Fbchattiesburg-OComeOCome735.flv.ogv.xml;1017
477;Fbchattiesburg-ThisIsOurGod551.flv.ogv.xml;1017
478;Gracebible-052409PMRememberPeopleOnMemorialDay592.flv.ogv.xml;1017
479;Mcusa-ArmorOfGod942.flv.ogv.xml;1017
480;Microdac-Birds199.flv.ogv.xml;1017
481;NickDutch-AGhostStory421.flv.ogv.xml;1017
482;NickDutch-FreeTarotReadings127.flv.ogv.xml;1017
483;NickDutch-FreeTarotReadings262.flv.ogv.xml;1017
484;NickDutch-FreeTarotReadings291.flv.ogv.xml;1017
485;NickDutch-FreeTarotReadings465.flv.ogv.xml;1017
486;NickDutch-FreeTarotReadings781.flv.ogv.xml;1017
487;NickDutch-TheTarotShowWithNickDutch435.flv.ogv.xml;1017
488;NickDutch-TheTarotShowWithNickDutch513.flv.ogv.xml;1017
489;NickDutch-TheTarotShowWithNickDutch568.flv.ogv.xml;1017
490;Nitaai-00001EveryActionHasReaction589.flv.ogv.xml;1017
491;Nitaai-00001SoundVibration952.flv.ogv.xml;1017
492;Nitaai-00003JanuKunda829.flv.ogv.xml;1017
493;Nitaai-00009LordNrisingha825.flv.ogv.xml;1017
494;Nitaai-0004GundichaMarjanaPastime1525.flv.ogv.xml;1017
495;Nitaai-02AllPotenciesinHolyName292.flv.ogv.xml;1017
496;Nitaai-07Rathayatra981.flv.ogv.xml;1017
497;Palau2-PortlandCityCouncilMeetingNickFishCommentsOnSeasonOfSe206.flv.ogv.xml;1017
498;Palau2-SeasonOfServiceOverviewForCatalyst393.flv.ogv.xml;1017
499;Palau-PortlandCityFestPromo682.flv.ogv.xml;1017
500;Poetminor158-ElderJosephLTolton322.flv.ogv.xml;1017
501;Poetminor158-ReverendJamaulRoots260.flv.ogv.xml;1017
502;QueerAsFaith-MyLifeIsInYou910.flv.ogv.xml;1017
503;Rhayes-Refresh08TuesdayMorning600.flv.ogv.xml;1017
504;Rhayes-TheFoundationForEvangelismWhatWeFund393.flv.ogv.xml;1017
505;TLDM-CharismaticDelusionPart1Of4741.flv.ogv.xml;1017
506;TLDM-TheMiraculousStoryOfBaysidePart10Of11607.flv.ogv.xml;1017
507;TLDM-TheMiraculousStoryOfBaysidePart11Of11993.flv.ogv.xml;1017
508;TLDM-TheMiraculousStoryOfBaysidePart3Of11630.flv.ogv.xml;1017
509;TLDM-TheMiraculousStoryOfBaysidePart7Of11111.flv.ogv.xml;1017
510;UBM-02050dManchildAndBride04944.flv.ogv.xml;1017
511;WybaK-MIRACLEKAABAAVOIR920.flv.ogv.xml;1017
512;Deepintosports-DeepIntoSportscom31109WorldBaseballClassicWatchIt345.flv.ogv.xml;1019
513;Deepintosports-DeepIntoSportscom41109LessonsFromNickAdenhart789.flv.ogv.xml;1019
514;Deepintosports-DeepIntoSportscom51909PlayoffLetdowns846.flv.ogv.xml;1019
515;Fcumtv-CharlieOLoughlinChatsToFCUMTVAfterNantwichH130409932.flv.ogv.xml;1019
516;Fcumtv-FCUnitedVAshtonUnited250309THEGOALS940.flv.ogv.xml;1019
517;Fcumtv-FCUnitedVBradfordParkAvenueNPL250409GOALS284.flv.ogv.xml;1019
518;Fcumtv-MOTMSamAshtonChatsToFCUMTVAfterNFerriby04_04_09397.flv.ogv.xml;1019
519;Fcumtv-NantwichFACInterviewKyleWilson752.flv.ogv.xml;1019
520;FinancialAidPodcas-2008SuperBowlXLIIAdFromTheStudentLoanNetwork346.flv.ogv.xml;1019
521;Golf-GolfTipLoosenUpTheGolfSwingAndStartFeeling469.flv.ogv.xml;1019
522;Golf-GolfTipStopTheThoughtProcessAndStartFeeling612.flv.ogv.xml;1019
523;GolfLifeTips-HitLongDrivesWithThisPowerTip197.flv.ogv.xml;1019
524;GolfLifeTips-TaylormadeTourBurnerDriverReview339.flv.ogv.xml;1019
525;Golf-PuttingOnFastGreens920.flv.ogv.xml;1019
526;Golf-QolfGameHighlight190.flv.ogv.xml;1019
527;Golf-YesDonnaPutter794.flv.ogv.xml;1019
528;Guidonia-palestraguidoniacollefiorito361.flv.ogv.xml;1019
529;JeffBrooks-CarCraftNationals2008CorvetteZ06181.flv.ogv.xml;1019
530;Livingasiachannel-DTCCIDSFCOMPETITION190.flv.ogv.xml;1019
531;Livingasiachannel-DTCCIDSFCOMPETITION980.flv.ogv.xml;1019
532;Marquisdejolie-IWasOnSteroids803.flv.ogv.xml;1019
533;PDXK-CyclocrossCrusadeAlpenroseRacePromo841.flv.ogv.xml;1019
534;Sgallasch-2008ArnoldStrongmanClassicDVDPreview792.flv.ogv.xml;1019
535;Sgallasch-2008NABBAUNIVERSEDVDPREVIEW975.flv.ogv.xml;1019
536;Sgallasch-Melvin_BlackandWhite352.flv.ogv.xml;1019
537;Sgallasch-SUSANBORGFIGURECHAMPIONMAGNIFICENTMALTESEMUSCLE122.flv.ogv.xml;1019
538;Sgallasch-wwwgmvcomau_2006_NABBA_Universe894.flv.ogv.xml;1019
539;Sgallasch-wwwgmvcomau_ahmadhaidar918.flv.ogv.xml;1019
540;Sgallasch-wwwgmvcomau_al_beckles640.flv.ogv.xml;1019
541;Sgallasch-wwwgmvcomau_charles_mario868.flv.ogv.xml;1019
542;Sgallasch-wwwgmvcomau_gmv019dvd198.flv.ogv.xml;1019
543;Sgallasch-wwwgmvcomau_GMV318DVD211.flv.ogv.xml;1019
544;Sgallasch-wwwgmvcomau_GMV324DVD144.flv.ogv.xml;1019
545;Sgallasch-wwwgmvcomau_GMV344360.flv.ogv.xml;1019
546;Sgallasch-wwwgmvcomau_GMV380DVD926.flv.ogv.xml;1019
547;Sgallasch-wwwgmvcomau_GMV403DVD541.flv.ogv.xml;1019
548;Sgallasch-wwwgmvcomau_gmv430784.flv.ogv.xml;1019
549;Sgallasch-wwwgmvcomau_GMV648DVDpriest842.flv.ogv.xml;1019
550;Sgallasch-wwwgmvcomau_GMV659DVD772.flv.ogv.xml;1019
551;Sgallasch-wwwgmvcomau_Lenda_Murray502.flv.ogv.xml;1019
552;Sgallasch-wwwgmvcomau_MelvinAnthony_Contest_Ready229.flv.ogv.xml;1019
553;Sgallasch-wwwgmvcomau_mikeohearn_craigtitus919.flv.ogv.xml;1019
554;Sgallasch-wwwgmvcomau_rich_gaspari446.flv.ogv.xml;1019
555;Sgallasch-wwwgmvcomau_V008DVD456.flv.ogv.xml;1019
556;Sgallasch-wwwgmvcomau_V195DVDDennis832.flv.ogv.xml;1019
557;Sgallasch-wwwgmvcomau_V203DVD106.flv.ogv.xml;1019
558;SPI-ThursdayJuly242008BreakingNewsEdition202.flv.ogv.xml;1019
559;Srnyclips-SportsRadioNYAnimationPromo963.flv.ogv.xml;1019
560;Subfightercom-BraboChokeFromHalfGuard226.flv.ogv.xml;1019
561;Subfightercom-SideToBackPosition330.flv.ogv.xml;1019
562;Thatsportsshow-ThatSportsShowBlazingShootingAndCrossDressing920.flv.ogv.xml;1019
563;Thatsportsshow-ThatSportsShowMarburyPitBullsAndInterns384.flv.ogv.xml;1019
564;Thatsportsshow-ThatSportsShowPartyBoatsAndGunshots852.flv.ogv.xml;1019
565;Thatsportsshow-ThatSportsShowTerrellOwens985.flv.ogv.xml;1019
566;Thatsportsshow-ThatSportsShowThugsPunksAndMarkCuban250.flv.ogv.xml;1019
567;Thatsportsshow-ThatSportsShowWeHardlyKnewYe621.flv.ogv.xml;1019
568;Thatsportsshow-TwitsTwitterAndMattStraqsHeadExploding895.flv.ogv.xml;1019
569;TheEpicSeason-JesseCsincsak357.flv.ogv.xml;1019
570;TheEpicSeason-VailResortsPresentsBeaverCreekColorado743.flv.ogv.xml;1019
571;TheEpicSeason-VailResortsPresentsKeystoneColorado964.flv.ogv.xml;1019
572;TheEpicSeason-VailSnowdaze252.flv.ogv.xml;1019
573;Weldon-BradyWiederholdKneeDrill2380.flv.ogv.xml;1019
574;Weldon-DrHollingsworthAcupuncture313.flv.ogv.xml;1019