iddoc;tag
467;israel
467;jewish_prayer
467;judaism
467;jewisheducation
467;jewishleadership
467;jerusalem
468;jerusalem
468;jewish
468;israel
468;holiday
468;hartman
468;reform
469;judaism
469;christianity
469;islam
469;muslim
469;jew
469;christian
469;israel
469;jerusalem
469;hartman
469;institute
55;make
55;up
55;brown
127;film
127;independent
127;film
127;short
127;film
127;experimental
127;film
127;production
127;jobs
470;anglicantv
472;anglicantv
473;anglicantv
191;trailer
56;abriendo_las_cajas
56;digital_storytelling
56;youth_stories
56;violence
56;domestic_violence
56;gangs
56;health
56;drugs
56;alcohol
57;abriendo_las_cajas
57;digital_storytelling
57;youth_stories
57;violence
57;domestic_violence
57;gangs
57;health
57;drugs
57;alcohol
58;abriendo_las_cajas
58;digital_storytelling
58;youth_stories
58;violence
58;domestic_violence
58;gangs
58;health
58;drugs
58;alcohol
193;new_age
193;world
193;joseph_patrick_moore
193;doublebass
193;strings
194;performance
194;funk
194;solo
194;joseph_patrick_moore
194;jazz
195;interview
195;joseph_patrick_moore
195;jazz
195;music
195;interviews
196;jazz
196;world
196;music
197;elephant_man
197;dancehall
197;reggae
197;jamaica
197;caribbean
8;recipes
8;cooking
10;recipe
11;cooking
11;recipes
198;summer
198;music
200;jazz
200;rock
200;swing
200;danse
200;dance
200;music
200;musique
200;webtv
200;web
200;tv
200;musicale
200;chaine
200;video
200;clip
200;live
200;festival
200;rockabilly
200;pionnier
200;jump
200;jive
202;folk
202;country
202;music
202;seattle
203;mighty
203;mike
203;saga
203;of
130;climate
130;change
130;global
130;now
130;guy
130;bill
130;peter
130;tv
130;documentary
204;dance
204;music
204;animation
13;oneminutecritic
13;fvrl
13;vancouver
13;library
13;books
13;cooking
59;fitness
14;food
14;show
14;black
14;brian
14;han
14;chef
14;mark
15;food
15;cocktail
15;spirits
15;drink
15;culinary
15;media
15;network
16;food
16;podcast
16;old
16;house
16;le
17;food
17;podcast
18;hawaii
18;maui
19;hawaii
19;maui
19;chef
19;mark
20;wales
205;gold
205;mighty
205;pirate
205;metal
205;australia
205;casino
205;gig
205;live
205;bass
205;guitar
205;drums
205;ship
205;rock
205;band
205;power
205;fight
205;beer
205;gun
205;i
206;green
206;homeless
206;metal
206;australia
206;fire
206;red
206;gig
206;show
206;rock
206;music
206;sword
207;music
207;metal
207;pirate
207;australia
207;bass
207;guitar
207;mighty
207;sword
207;comedy
207;funny
207;humor
207;future
207;boy
207;fire
207;ship
207;what
207;better
207;nerd
207;game
207;outdoors
207;great
21;food
208;robert
208;relationship
208;dating
208;eclipse
209;davidleeking
209;drums
209;hand
209;world
131;park
131;theme
131;ship
131;boat
131;davidleeking
513;baseball
514;nba
514;basketball
514;boston
514;los_angeles
514;la
514;washington
514;sports
474;public
474;display
132;atlantis
132;occult
132;dark
132;digital
132;media
60;yoga
60;get
60;exercised
60;dina
60;prioste
60;day
60;health
60;body
60;gym
60;fitness
60;pose
60;heart
60;chocolate
60;vinyasa
60;hatha
60;ashtanga
61;yoga
61;get
61;exercised
61;dina
61;prioste
61;health
61;fitness
61;beauty
61;stretch
61;flexible
61;vinyasa
61;hatha
61;ashtanga
61;comedy
61;funny
62;yoga
62;health
62;fitness
62;get_exercised
62;dina_prioste
62;stretch
62;flexible
62;beauty
62;comedy
62;funny
62;vinyasa
62;hatha
62;ashtanga
63;yoga
63;get_exercised
63;dina_prioste
63;health
63;fitness
63;beauty
63;core
63;strength
63;boat
63;pose
63;stretch
63;flexible
63;vinyasa
63;hatha
63;ashtanga
63;comedy
63;funny
64;yoga
64;get_exercised
64;dina_prioste
64;breathing
64;balance
64;vinyasa
64;ashtanga
64;hatha
64;comedy
64;funny
65;yoga
65;get_exercised
65;dina_prioste
65;health
65;fitness
65;beauty
65;back
65;strength
65;strong
65;muscles
65;stretch
65;flexible
65;vinyasa
65;hatha
65;ashtanga
65;comedy
65;funny
65;superman
66;yoga
66;get_exercised
66;dina_prioste
66;healthy
66;fitness
66;beauty
66;strong
66;stretch
66;workout
66;gym
66;flexible
66;muscles
66;duck
66;vinyasa
66;hatha
66;ashtanga
66;comedy
66;funny
67;yoga
67;get_exercised
67;dina_prioste
67;healthy
67;fitness
67;beauty
67;hot
67;sexy
67;party
67;stretching
67;flexible
67;strong
67;workout
67;muscles
67;vinyasa
67;hatha
67;ashtanga
67;comedy
67;funny
68;yoga
68;get_exercised
68;dina_prioste
68;healthy
68;fitness
68;beauty
68;body
68;halloween
68;sexy
68;hot
68;butt
68;stretching
68;flexible
68;hips
68;vinyasa
68;hatha
68;ashtanga
68;comedy
68;funny
69;yoga
69;get_exercised
69;dina_prioste
69;healthy
69;fitness
69;stretching
69;flexible
69;strength
69;muscles
69;vinyasa
69;hatha
69;ashtanga
69;confidence
70;yoga
70;get_exercised
70;dina_prioste
70;healthy
70;fitness
70;depression
70;stretching
70;flexible
70;breathing
70;blues
70;vinyasa
70;hatha
70;ashtanga
71;yoga
71;get_exercised
71;dina_prioste
71;healthy
71;fitness
71;stretching
71;hips
71;feet
71;vinyasa
71;hatha
71;ashtanga
72;yoga
72;get_exercised
72;dina_prioste
72;healthy
72;fitness
72;stretching
72;hips
72;flexible
72;wall
72;vinyasa
72;hatha
72;ashtanga
22;christmas
22;holiday
22;cocktail
22;alcohol
23;cocktail
23;drink
23;italy
24;drink
24;bar
24;cocktail
24;alcohol
326;obama
326;oil
326;fuel
326;jobs
326;lost_jobs
327;us_economy
327;trade
327;fair_trade
327;free_trade
327;economy_in_crisis
327;economic_crisis
328;us_economy
328;obama
328;free_trade
328;fair_trade
328;economy_in_crisis
330;economic_crisis
330;economy_in_crisis
331;usa
331;taxes
331;obama
331;lost_jobs
331;economy_in_crisis
331;economic_crisis
332;obama
332;us_economy
332;banks
332;economy_in_crisis
332;lost_jobs
332;free_trade
333;recession
333;depression
333;us_economy
334;obama
334;economy_in_crisis
334;economic_crisis
335;obama
335;trade
335;free_trade
335;fair_trade
335;economy_in_crisis
335;economic_crisis
336;economy_in_crisis
337;gm
338;obama
339;outsourcing
339;lost_jobs
339;economy_in_crisis
341;obama
341;us
341;congress
341;economy
341;in
341;crisis
341;crisis
341;free
341;trade
341;trade
341;war
341;fair
341;trade
341;lost
341;jobs
341;outsourcing
342;economy_in_crisis
342;economic_crisis
342;obama
343;cars
343;free_trade
343;obama
344;obama
344;lost_jobs
344;economy_in_crisis
344;economic_crisis
344;china
345;obama
345;congress
346;us_economy
346;economy_in_crisis
346;economic_crisis
347;obama
347;economy_in_crisis
347;economic_crisis
348;wto
348;obama
348;economy_in_crisis
348;economic_crisis
348;trade
349;economy_in_crisis
349;economic_crisis
349;free_trade
214;carlos
214;american
214;quezada
214;news
214;network
214;san
214;contest
214;star
350;eduardo
350;quezada
350;texas
350;mexico
350;argentina
350;chile
215;luis
215;eduardo
215;quezada
215;tony
215;mexico
215;piano
215;usa
215;high
215;school
215;money
215;free
216;mike
216;ian
216;folk
216;music
217;theatre
217;three
217;light
217;in
217;the
73;international
73;obama
73;congress
133;marc_strassman
133;writing
134;marc_strassman
135;marc_strassman
515;bury
515;club
515;division
515;fan
515;fans
515;fc-utd
515;fcum
515;fcumtv
515;fitba
515;football
515;footie
515;futba
515;gigg
515;interview
515;lane
515;league
515;manchester
515;match
515;non-league
515;north
515;northern
515;owned
515;park
515;premier
515;soccer
515;supporters
515;unibond
515;united
515;charlie
516;boston
516;bury
516;club
516;division
517;bury
517;club
517;division
517;fan
517;fans
517;fc-utd
517;fcum
517;fcumtv
517;fitba
517;football
517;footie
517;futba
517;gigg
517;interview
517;lane
517;league
517;manchester
517;match
517;non-league
517;north
517;northern
517;owned
517;park
517;premier
517;soccer
517;supporters
517;unibond
517;united
517;park
518;bury
518;club
518;division
518;fan
518;fans
518;fc-utd
518;fcum
518;fcumtv
518;fitba
518;football
518;footie
518;futba
518;gigg
518;lane
518;league
518;manchester
518;match
518;non-league
518;north
518;northern
518;owned
518;park
518;premier
518;"
"
518;soccer
518;supporters
518;unibond
518;united
519;fc-utd
519;fc_united
519;fcum
519;football
519;manchester
519;club
519;united
520;super
520;ad
218;blues
218;traditional
218;guitar
218;silvi
218;atri
218;abruzzo
218;italy
219;blues
219;traditional
219;guitar
219;silvi
219;atri
219;abruzzo
219;italy
220;lanciano
220;blues
220;festival
220;2008
220;acoustic
220;guitar
220;abruzzo
220;italy
25;mexico_city
25;mexico_city
525;golf
525;pga
525;pga_tour
525;golf_lessons
525;golf_dvds
525;golf_video
525;golf_club_reviews
525;golf_video
525;golf_instruction
525;golf_equipment
525;golf_improvement
527;golf
527;golf_equipment
527;golf_improvement
527;golf_dvds
527;golf_club_reviews
527;titleist
527;cleveland_golf
527;taylormade_golf
527;ping
527;tiger_woods
527;jack_nicklaus
527;better_golf
527;golf_life
527;golf_tv
527;golf_video
527;golf_television
523;golf
523;golf_improvement
523;golf_instruction
523;golf_gear
523;irons
523;hybrids
523;tiger_woods
523;adam_scott
523;golf_video
523;videos
523;golf_life
523;television
523;tv
523;dvds
523;improve
523;better
523;teaching
523;learning
523;lessons
524;golf
524;golf_improvement
524;golf_instruction
524;golf_gear
524;irons
524;hybrids
524;tiger_woods
524;adam_scott
524;golf_video
524;videos
524;golf_life
524;television
524;tv
524;dvds
524;improve
524;better
524;teaching
524;learning
524;lessons
524;pga
524;better_golf
478;pastor_komrowski
478;sunday_pm
0;greg_morrison
0;bumper2bumpertv
1;racing
1;"
"
1;bumper2bumpertv
1;greg_morrison
2;greg_morrison
2;bumper2bumpertv
3;bumper2bumpertv
4;bumper2bumpertv
4;greg_morrison
5;bumper2bumpertv
6;recycle
6;atlanta
221;music
222;pub
222;locale_tivoli
222;pub_tivoli
222;piano_bar
222;karaoke
222;guidonia
222;roma
223;pub
223;locale_tivoli
223;pub_tivoli
223;piano_bar
223;karaoke
223;guidonia
223;roma
224;pub
224;locale_tivoli
224;pub_tivoli
224;piano_bar
224;karaoke
224;guidonia
224;roma
528;guidonia
528;roma
136;gvtv
136;news
136;grass_valley
136;nevada_county
136;nevada_city
136;truckee
136;penn_valley
136;nctv
136;channel_11
136;north_san_juan
136;rough_and_ready
136;randy_hansen
137;gvtv
137;news
137;grass_valley
137;nevada_county
137;nevada_city
137;truckee
137;penn_valley
137;nctv
137;channel_11
137;north_san_juan
137;rough_and_ready
137;randy_hansen
138;news
138;grass_valley
138;nevada_city
138;nevada_county
138;randy_hansen
139;gvtv
139;news
139;world_politics
139;randy_hansen
139;elisse_garner
139;nctv
139;grass_valley
139;nevada_city
139;colfax
139;penn_valley
139;rough_and_ready
139;truckee
139;north_san_juan
139;nevada_county
139;government
139;girls
139;police_blotter
139;world
225;live_music
225;music_video
353;republican
353;washington
353;politics
353;hroc
75;sex
75;addiction
75;addiction
75;recovery
75;addiction
75;love
75;addiction
75;emptiness
75;sex
75;addiction
75;addiction
75;paul
226;last
226;under
226;the
226;sun
226;punk
226;gig
226;breizh
226;high
226;le
226;2004
226;sensa
226;yuma
226;police
226;bastard
227;iron_man_records
227;video
227;podcast
228;michael
228;music
228;keyboard
228;piano
229;bass
229;doublebass
229;contrabass
230;double
230;bass
230;for
231;ian
231;doublebass
231;classical
231;music
232;classical
232;music
232;humor
232;orchestra
529;car
529;craft
529;2008
26;cooking
26;food
76;health
76;yoga
76;exercise
76;mom
76;hatha
76;baby
76;fitness
27;review
28;review
142;and
234;kelly
234;tv
234;joe
236;kellytv
143;video
143;cine
357;grittv
357;laura_flanders
357;bill
357;iran
357;commentary
358;grittv
358;laura_flanders
358;energy
359;grit
359;grittv
359;grit_tv
359;laura_flanders
360;grit
360;grittv
360;grit_tv
360;laura_flanders
360;convention
360;republican
361;grit
361;grittv
361;grit_tv
361;laura_flanders
362;grittv
362;laura_flanders
363;grittv
363;laura_flanders
364;grittv
364;grit_tv
364;grit
364;laura_flanders
364;flanders
365;grittv
365;grit_tv
365;laura_flanders
366;grit
366;grittv
366;grit_tv
366;laura_flanders
366;commentary
366;barack_obama
366;obama
367;grittv
367;grit_tv
367;grit
367;laura_flanders
367;flanders
368;grittv
368;laura_flanders
369;grit
369;grittv
369;grit_tv
369;laura_flanders
370;grit
370;grittv
370;laura_flanders
370;grit_tv
371;grittv
371;grit_tv
371;grit
371;flanders
371;laura_flanders
372;laura_flanders
372;grittv
372;grit_tv
372;flanders
373;grittv
373;grit_tv
373;grit
373;laura_flanders
373;flanders
374;grit
374;grittv
374;laura_flanders
375;grit
375;grittv
375;laura_flanders
375;commentary
376;grit
376;grittv
376;laura_flanders
377;grit
377;grittv
377;grit_tv
377;laura_flanders
377;flanders
378;grittv
378;laura_flanders
379;grit
379;grittv
379;grit_tv
379;laura_flanders
379;flanders
380;grit
380;grittv
380;laura_flanders
381;grittv
381;grit_tv
381;grit
381;laura_flanders
381;flanders
382;grittv
382;grit_tv
382;grit
382;laura_flanders
382;flanders
383;grittv
383;grit
383;grit_tv
383;laura_flanders
383;flanders
384;grittv
384;grit_tv
384;grit
384;flanders
384;laura_flanders
385;grittv
385;grit
385;grit_tv
385;flanders
385;laura_flanders
386;grittv
386;grit_tv
386;grit
386;flanders
386;laura_flanders
387;grittv
387;grit_tv
387;grit
387;laura_flanders
387;flanders
388;grittv
388;grit_tv
388;grit
388;flanders
388;laura_flanders
389;laura_flanders
389;grittv
389;grit_tv
389;flanders
391;grittv
391;grit_tv
391;laura_flanders
392;grit
392;grittv
392;grit_tv
392;laura_flanders
393;grit
393;grittv
393;grit_tv
393;laura_flanders
394;grit
394;grit_tv
394;grittv
394;laura_flanders
395;grit
395;grittv
395;grittv
395;laura_flanders
396;grit
396;grittv
396;grit_tv
396;laura_flanders
397;grittv
397;laura_flanders
398;grit
398;grittv
398;grit_tv
398;laura_flanders
399;grittv
399;grit
399;grit_tv
399;flanders
399;laura_flanders
400;grittv
400;grit
400;grit_tv
400;flanders
400;laura_flanders
401;grittv
401;grit_tv
401;grit
401;laura_flanders
401;flanders
402;grittv
402;grit_tv
402;grit
402;laura_flanders
402;flanders
403;grit
403;grit_tv
403;grittv
403;laura_flanders
403;flanders
405;grittv
405;grit_tv
405;laura_flanders
406;grittv
406;grit_tv
406;grit
406;laura_flanders
29;beer
29;drink
29;new
29;old
30;recipe
30;cook
30;beer
30;food
32;clean
32;cook
33;recipe
33;cook
33;summer
33;food
34;recipe
34;food
34;cook
34;home
35;recipe
35;cook
35;food
36;recipe
36;cook
37;recipe
37;cook
37;food
38;food
38;travel
38;culinary
38;canada
39;recipe
39;cook
39;food
39;pork
40;cocktail
40;drink
40;recipe
41;drink
41;alcohol
41;ice
530;salsa
530;latin
531;salsa
531;latin
239;music
239;indie
239;rock
77;water
77;international
77;water
77;house
77;akvo
77;international
77;water
77;and
77;center
240;luis
240;nicaragua
240;centro
240;america
240;lucha
240;revolucion
240;bolivia
240;evo
240;morales
240;arte
240;musica
240;trovador
240;revolution
240;madre
240;america
240;latina
532;military
532;sports
532;arts
532;baseball
532;marquisdejolie
532;memory
532;president
532;ford
241;marquisdejolie
241;series
241;early
241;video
241;humor
241;garageband
241;comedy
241;parody
241;spoof
407;military
407;homeless
407;commentary
407;political
407;commercial
408;homeless
408;veterans
408;shelter
408;marquisdejolie
408;series
242;orchestra
242;music
242;strings
242;composer
242;classical
242;drama
243;orchestra
243;music
243;strings
243;composer
243;classical
243;action
243;sci-fi
244;orchestra
244;music
244;strings
244;composer
244;classical
244;action
144;party
144;venice
144;venezia
145;sex
145;venice
146;cincinnati
146;ohio
146;thrillsville
146;horror_host
146;meet_cleaver_theatre
146;mct
146;horror
146;animals
146;black
146;ohio
146;thrillsville
146;horror_host
146;meet_cleaver_theatre
146;mct
146;horror
146;new_zealand
147;cincinnati
147;ohio
147;thrillsville
147;horror_host
147;meet_cleaver_theatre
147;mct
147;nes
147;america
480;birds
480;microdac
480;bird
480;god
480;spiritual
480;religion
246;minimal
246;love
246;berlin
247;remix
250;imovie
250;movie
250;music
250;muzik
250;machines
149;film
149;political
149;sci-fi
481;ghost
482;psychic
482;psychics
482;new_age
482;tarot
482;tarot_psychic
482;magick
482;witchcraft
482;spiritual
482;occult
482;divination
482;runes_clairvoyance
482;clauirvoyant
483;psychic
483;psychics
483;new_age
483;tarot
483;tarot_psychic
483;magick
483;witchcraft
483;spiritual
483;occult
483;divination
483;runes_clairvoyance
483;clauirvoyant
484;psychic
484;psychics
484;new_age
484;tarot
484;tarot_psychic
484;magick
484;witchcraft
484;spiritual
484;occult
484;divination
484;runes_clairvoyance
484;clauirvoyant
485;psychic
485;psychics
485;new_age
485;tarot
485;tarot_psychic
485;magick
485;witchcraft
485;spiritual
485;occult
485;divination
485;runes_clairvoyance
485;clauirvoyant
486;psychic
486;psychics
486;new_age
486;tarot
486;tarot_psychic
486;magick
486;witchcraft
486;spiritual
486;occult
486;divination
486;runes_clairvoyance
486;clauirvoyant
487;psychic
487;psychics
487;new_age
487;pagan
487;wiccan
487;witchcraft
487;occult
487;spiritual
487;ouija
487;astral_projection
487;tarot_readings
487;tarot_reader
487;tarot
487;magick
488;psychic
488;psychics
488;new_age
488;pagan
488;wiccan
488;witchcraft
488;occult
488;spiritual
488;ouija
488;astral_projection
488;tarot_readings
488;tarot_reader
488;tarot
488;magick
489;psychic
489;psychics
489;new_age
489;pagan
489;wiccan
489;witchcraft
489;occult
489;spiritual
489;ouija
489;astral_projection
489;tarot_readings
489;tarot_reader
489;tarot
489;magick
490;action
491;sound
492;ekachakra
494;puri
495;chaitanya
150;action
150;adventure
150;scifi
150;webseries
151;film
151;of
151;the
151;people
151;comedy
151;love
151;story
499;faith
499;festivals
499;luis_palau
499;portland
499;ministry
499;music
497;portland
497;oregon
497;luis_palau
498;faith
498;christianity
498;portland
498;luis_palau
409;mccain
409;gop
409;rnc
409;republican
409;convention
409;oil
152;bicycle
152;bike
152;electric
152;car
152;portland
152;oregon
500;gay
500;spiritual
501;spiritual
501;gay
253;poetry
410;politics
410;political_lunch
410;michigan
410;democrats
410;republicans
411;politics
411;political_lunch
412;political_lunch
412;politics
412;obama
412;republicans
412;texas
412;california
412;edwards
412;bush
413;politics
413;political_lunch
413;new_york
413;republican
413;democrats
414;politics
414;political_lunch
414;democrats
414;florida
414;clinton
414;obama
414;pennsylvania
414;race
415;politics
415;political_lunch
415;iraq
415;troops
415;clinton
415;obama
415;mccain
416;politics
416;political_lunch
416;edwards
416;iraq
416;money
416;colombia
417;politics
417;election
417;news
417;obama
417;clinton
417;press
417;media
417;civil_rights
418;politics
418;political_lunch
418;clinton
418;mccain
418;obama
418;taxes
418;democrats
418;republicans
419;politics
419;political_lunch
419;mccain
419;obama
419;clinton
419;pennsylvania
420;election
420;politics
420;mccain
420;obama
420;politicallunch
421;politics
421;political_lunch
421;mccain
421;clinton
421;obama
421;pennsylvania
421;bush
422;politics
422;political_lunch
422;mccain
422;clinton
422;rnc
423;politics
423;political_lunch
423;primary
423;indiana
423;clinton
423;mccain
423;obama
423;voting
424;politics
424;election
424;michigan
424;democrats
424;obama
424;clinton
425;politics
425;political_lunch
425;republicans
425;georgia
426;obama
426;mccain
426;clinton
426;politics
426;political_lunch
427;politics
427;political_lunch
427;democrats
427;republicans
428;politics
428;election
428;convention
428;rnc
428;dnc
428;gop
428;democrats
428;republicans
428;politicallunch
429;politics
429;political_lunch
429;obama
429;mccain
429;palin
429;biden
429;campaign
430;politics
430;election
430;news
430;media
430;mccain
430;politicallunch
431;political_lunch
431;politics
431;obama
431;mccain
431;palin
431;biden
431;economy
431;clinton
432;politics
432;election
432;twitter
432;biden
432;palin
432;debate
432;politicallunch
433;politics
433;political_lunch
433;obama
433;mccain
433;iraq
433;afghanistan
433;troops
433;military
433;terrorism
434;politics
434;election
434;voting
434;florida
434;political_lunch
435;politics
435;political_lunch
435;obama
435;mccain
435;palin
435;biden
435;election
436;political_lunch
436;politics
436;barack
436;obama
436;democrats
436;clinton
436;edwards
436;mccain
436;bush
254;voice
254;lessons
254;new
254;york
254;speech
254;opera
254;teacher
254;visual
254;student
254;classical
254;pop
254;jazz
254;corporate
254;blues
254;funk
254;public
255;voice
255;singing
255;teaching
255;lessons
255;english
255;second
255;arizona
153;advertisement
153;classic
153;commercial
153;domain
153;public
153;race
153;set
153;spot
153;toy
154;advertisement
154;classic
154;commercial
154;domain
154;food
154;public
154;spot
156;advertisement
156;classic
156;commercial
156;domain
156;public
156;spot
155;advertisement
155;classic
155;commercial
155;domain
155;public
155;spot
157;advertisement
157;classic
157;coffee
157;commercial
157;domain
157;public
157;spot
158;advertisement
158;classic
158;coffee
158;commercial
158;domain
158;public
158;spot
159;advertisement
159;classic
159;coffee
159;commercial
159;domain
159;public
159;spot
160;advertisement
160;blender
160;classic
160;commercial
160;domain
160;public
160;spot
161;advertisement
161;classic
161;commercial
161;domain
161;public
161;spot
162;advertisement
162;classic
162;commercial
162;domain
162;public
162;spot
163;advertisement
163;baby
163;classic
163;commercial
163;domain
163;magic
163;public
163;spot
164;advertisement
164;cigarettes
164;classic
164;commercial
164;domain
164;public
164;spot
165;advertisement
165;cigarettes
165;classic
165;commercial
165;domain
165;public
165;spot
166;advertisement
166;cigarettes
166;classic
166;commercial
166;domain
166;public
166;spot
167;advertisement
167;classic
167;commercial
167;domain
167;public
167;spot
168;advertisement
168;classic
168;commercial
168;domain
168;public
168;spot
169;advertisement
169;bread
169;classic
169;commercial
169;domain
169;public
169;spot
170;advertisement
170;bread
170;classic
170;commercial
170;domain
170;public
170;spot
171;advertisement
171;bread
171;classic
171;commercial
171;domain
171;food
171;public
171;spot
172;advertisement
172;bread
172;classic
172;commercial
172;domain
172;food
172;public
172;spot
173;advertisement
173;bread
173;classic
173;commercial
173;domain
173;food
173;public
173;spot
174;advertisement
174;classic
174;commercial
174;domain
174;public
174;spot
175;advertisement
175;classic
175;commercial
175;domain
175;public
175;spot
175;us
176;advertisement
176;classic
176;commercial
176;domain
176;drugs
176;ny
176;public
176;spot
177;advertisement
177;classic
177;commercial
177;domain
177;public
177;spot
178;animation
178;cartoon
178;classic
178;domain
178;funny
178;motion
178;public
502;gay
502;christian
502;queer
502;faith
502;worship
437;energy
256;my
256;dog
256;tricks
256;animal
180;reviewme
180;episode
180;book
180;and
180;movie
180;review
180;two
180;for
180;one
180;dvd
257;reviewme
257;episode
257;review
257;hero
257;and
257;alive
257;you
257;one
257;day
257;late
257;dead
257;inside
257;it
181;one
181;two
181;three
181;four
181;dvd
181;anime
503;religion
504;religion
7;ireland
258;promo
258;trailer
258;comics
182;space
44;podcast
438;palestine
438;israel
438;judaism
438;jew
438;jews
183;iron
183;man
183;movie
183;review
183;robert
183;marvel
183;trailer
184;social_networking
184;trailer
184;preview
185;scene
185;new
185;website
185;movie
185;social
185;network
186;scotty
186;office
186;job
186;season
186;john
439;economy
439;finance
439;american_progress
439;progressive
439;recession
439;bailout
439;money
439;climate
439;green
439;congress
439;crisis
440;energy
440;environment
440;climate
440;oil
440;gas
440;progressive
440;american_progress
440;seeprogress
440;finance
440;bank
440;job
440;green
441;environment
441;climate_change
441;energy
441;jobs
441;congress
441;earth
441;green
441;seeprogress
441;fuel
441;gas
441;oil
442;budget
442;congress
442;bush
442;seeprogress
442;war
442;iraq
443;fuel
443;gas
443;oil
443;climate
443;energy
443;environment
443;seeprogress
443;american
443;progressive
443;earth
443;car
443;auto
444;global
444;oil
444;bush
444;american_progress
444;progressive
444;fuel
444;energy
444;environment
79;health
79;disease
79;hospital
79;progressive
79;insurance
445;matt
445;miller
445;dead
445;economy
445;american
445;progressive
446;yahoo
446;microsoft
446;internet
446;advertising
446;online
446;progressive
447;congress
447;progressive
447;american
447;vote
447;senate
447;energy
447;environment
447;oil
447;gas
447;children
447;insurance
447;health
447;car
447;auto
447;fuel
448;iraq
448;politics
448;congress
448;american_progress
448;progressive
448;war
448;senate
448;house
448;bush
448;pentagon
45;wine
534;bicep
534;biceps
534;bodybuilding
534;dvd
534;figure
534;flexing
534;gmv
534;gym
534;ifbb
534;inba
534;lifting
534;muscle
534;muscles
534;muscular
534;beauty
534;fitness
534;nabba
534;olympia
534;pecs
534;posing
534;power
534;strength
534;training
534;wabba
534;weights
534;workout
535;bicep
535;biceps
535;bodybuilding
535;dvd
535;figure
535;flexing
535;gmv
535;gym
535;ifbb
535;inba
535;lifting
535;muscle
535;muscles
535;muscular
535;beauty
535;fitness
535;nabba
535;olympia
535;pecs
535;posing
535;power
535;strength
535;training
535;wabba
535;weights
535;workout
536;bicep
536;biceps
536;bodybuilding
536;dvd
536;figure
536;flexing
536;gmv
536;gym
536;ifbb
536;inba
536;lifting
536;muscle
536;muscles
536;muscular
536;beauty
536;fitness
536;nabba
536;olympia
536;pecs
536;posing
536;power
536;strength
536;training
536;wabba
536;weights
536;workout
537;bodybuilding
537;ifbb
537;nabba
537;figure
537;sexy
537;muscle
537;posing
537;workout
538;bicep
538;biceps
538;bodybuilding
538;dvd
538;figure
538;flexing
538;gmv
538;gym
538;ifbb
538;inba
538;lifting
538;muscle
538;muscles
538;muscular
538;beauty
538;fitness
538;nabba
538;olympia
538;pecs
538;posing
538;power
538;strength
538;training
538;wabba
538;weights
538;workout
539;bicep
539;biceps
539;bodybuilding
539;dvd
539;figure
539;flexing
539;gmv
539;gym
539;ifbb
539;inba
539;lifting
539;muscle
539;muscles
539;muscular
539;beauty
539;fitness
539;nabba
539;olympia
539;pecs
539;posing
539;power
539;strength
539;training
539;wabba
539;weights
539;workout
540;bicep
540;biceps
540;bodybuilding
540;dvd
540;figure
540;flexing
540;gmv
540;gym
540;ifbb
540;inba
540;lifting
540;muscle
540;muscles
540;muscular
540;beauty
540;fitness
540;nabba
540;olympia
540;pecs
540;posing
540;power
540;strength
540;training
540;wabba
540;weights
540;workout
541;bicep
541;biceps
541;bodybuilding
541;dvd
541;figure
541;flexing
541;gmv
541;gym
541;ifbb
541;inba
541;lifting
541;muscle
541;muscles
541;muscular
541;beauty
541;fitness
541;nabba
541;olympia
541;pecs
541;posing
541;power
541;strength
541;training
541;wabba
541;weights
541;workout
542;bicep
542;biceps
542;bodybuilding
542;dvd
542;figure
542;flexing
542;gmv
542;gym
542;ifbb
542;inba
542;lifting
542;muscle
542;muscles
542;muscular
542;beauty
542;fitness
542;nabba
542;olympia
542;pecs
542;posing
542;power
542;strength
542;training
542;wabba
542;weights
542;workout
543;bicep
543;biceps
543;bodybuilding
543;dvd
543;figure
543;flexing
543;gmv
543;gym
543;ifbb
543;inba
543;lifting
543;muscle
543;muscles
543;muscular
543;beauty
543;fitness
543;nabba
543;olympia
543;pecs
543;posing
543;power
543;strength
543;training
543;wabba
543;weights
543;workout
544;bicep
544;biceps
544;bodybuilding
544;dvd
544;figure
544;flexing
544;gmv
544;gym
544;ifbb
544;inba
544;lifting
544;muscle
544;muscles
544;muscular
544;beauty
544;fitness
544;nabba
544;olympia
544;pecs
544;posing
544;power
544;strength
544;training
544;wabba
544;weights
544;workout
545;bicep
545;biceps
545;bodybuilding
545;dvd
545;figure
545;flexing
545;gmv
545;gym
545;ifbb
545;inba
545;lifting
545;muscle
545;muscles
545;muscular
545;beauty
545;fitness
545;nabba
545;olympia
545;pecs
545;posing
545;power
545;strength
545;training
545;wabba
545;weights
545;workout
546;bicep
546;biceps
546;bodybuilding
546;dvd
546;figure
546;flexing
546;gmv
546;gym
546;ifbb
546;inba
546;lifting
546;muscle
546;muscles
546;muscular
546;beauty
546;fitness
546;nabba
546;olympia
546;pecs
546;posing
546;power
546;strength
546;training
546;wabba
546;weights
546;workout
547;bicep
547;biceps
547;bodybuilding
547;dvd
547;figure
547;flexing
547;gmv
547;gym
547;ifbb
547;inba
547;lifting
547;muscle
547;muscles
547;muscular
547;beauty
547;fitness
547;nabba
547;olympia
547;pecs
547;posing
547;power
547;strength
547;training
547;wabba
547;weights
547;workout
548;bicep
548;biceps
548;bodybuilding
548;dvd
548;figure
548;flexing
548;gmv
548;gym
548;ifbb
548;inba
548;lifting
548;muscle
548;muscles
548;muscular
548;beauty
548;fitness
548;nabba
548;olympia
548;pecs
548;posing
548;power
548;strength
548;training
548;wabba
548;weights
548;workout
549;bicep
549;biceps
549;bodybuilding
549;dvd
549;figure
549;flexing
549;gmv
549;gym
549;ifbb
549;inba
549;lifting
549;muscle
549;muscles
549;muscular
549;beauty
549;fitness
549;nabba
549;olympia
549;pecs
549;posing
549;power
549;strength
549;training
549;wabba
549;weights
549;workout
550;bicep
550;biceps
550;bodybuilding
550;dvd
550;figure
550;flexing
550;gmv
550;gym
550;ifbb
550;inba
550;lifting
550;muscle
550;muscles
550;muscular
550;beauty
550;fitness
550;nabba
550;olympia
550;pecs
550;posing
550;power
550;strength
550;training
550;wabba
550;weights
550;workout
551;bicep
551;biceps
551;bodybuilding
551;dvd
551;figure
551;flexing
551;gmv
551;gym
551;ifbb
551;inba
551;lifting
551;muscle
551;muscles
551;muscular
551;beauty
551;fitness
551;nabba
551;olympia
551;pecs
551;posing
551;power
551;strength
551;training
551;wabba
551;weights
551;workout
552;bicep
552;biceps
552;bodybuilding
552;dvd
552;figure
552;flexing
552;gmv
552;gym
552;ifbb
552;inba
552;lifting
552;muscle
552;muscles
552;muscular
552;beauty
552;fitness
552;nabba
552;olympia
552;pecs
552;posing
552;power
552;strength
552;training
552;wabba
552;weights
552;workout
553;biceps
553;bodybuilding
553;dvd
553;figure
553;flexing
553;gmv
553;gym
553;ifbb
553;inba
553;lifting
553;muscle
553;muscles
553;muscular
553;beauty
553;fitness
553;nabba
553;olympia
553;pecs
553;posing
553;power
553;strength
553;training
553;wabba
553;weights
553;workout
554;bicep
554;biceps
554;bodybuilding
554;dvd
554;figure
554;flexing
554;gmv
554;gym
554;ifbb
554;inba
554;lifting
554;muscle
554;muscles
554;muscular
554;beauty
554;fitness
554;nabba
554;olympia
554;pecs
554;posing
554;power
554;strength
554;training
554;wabba
554;weights
554;workout
555;bicep
555;biceps
555;bodybuilding
555;dvd
555;figure
555;flexing
555;gmv
555;gym
555;ifbb
555;inba
555;lifting
555;muscle
555;muscles
555;muscular
555;beauty
555;fitness
555;nabba
555;olympia
555;pecs
555;posing
555;power
555;strength
555;training
555;wabba
555;weights
555;workout
556;bicep
556;biceps
556;bodybuilding
556;dvd
556;figure
556;flexing
556;gmv
556;gym
556;ifbb
556;inba
556;lifting
556;muscle
556;muscles
556;muscular
556;beauty
556;fitness
556;nabba
556;olympia
556;pecs
556;posing
556;power
556;strength
556;training
556;wabba
556;weights
556;workout
557;bicep
557;biceps
557;bodybuilding
557;dvd
557;figure
557;flexing
557;gmv
557;gym
557;ifbb
557;inba
557;lifting
557;muscle
557;muscles
557;muscular
557;beauty
557;fitness
557;nabba
557;olympia
557;pecs
557;posing
557;power
557;strength
557;training
557;wabba
557;weights
557;workout
259;blues
260;blues
260;jazz
260;photography
261;photography
261;blues
187;cinema
187;scene
187;episode
188;cinema
188;scene
188;episode
188;the
188;of
262;shawn_carpenter
262;loud_tour_tv
262;music_video
262;walk
262;montreal
263;shawn_carpenter
263;loud_tour_tv
263;montreal
263;music
558;swim
558;swimming
558;olympics
558;swimming_world_magazine
264;red
264;fashion
264;washington
265;fashion
559;sports
559;radio
559;ny
559;new_york
559;wgbb
267;luis
267;marc
267;anthony
267;birthday
267;party
267;new
267;york
267;city
267;hotel
267;nyc
267;paparazzi
267;tmz
268;autographs
268;fans
268;ny
268;nyc
268;new_york_city
268;premiere
268;tmz
268;paparazzi
268;celebrity
268;famous
268;actress
268;hollywood
269;phil
269;autographs
269;guitar
269;best
270;michael
270;lets
270;get
270;to
270;lets
270;garden
270;tmz
270;paparazzi
270;song
270;sing
270;sings
270;box
270;2008
270;sports
270;wwe
270;match
270;event
270;how
271;autographs
271;fans
271;ny
271;nyc
271;new_york_city
271;premiere
271;tmz
271;paparazzi
271;celebrity
271;famous
271;actress
271;hollywood
271;actor
271;couple
272;christian
272;ice
272;all
272;my
272;sons
272;broadway
272;george
272;ny
272;nyc
272;new
272;york
272;city
272;actor
273;broadway
273;gay
273;tmz
273;paparazzi
273;out
273;people
273;magazine
273;ny
273;nyc
273;new
273;york
273;city
274;the
274;show
274;new
274;york
274;city
274;nyc
274;tmz
274;paparazzi
274;fans
274;autographs
274;secret
274;life
274;of
274;interview
274;bio
275;black
275;eyed
275;fashion
275;2008
275;new
275;york
275;radio
275;city
275;music
275;hall
275;tmz
275;paparazzi
275;autographs
275;fans
276;mother
276;mom
276;paparazzi
276;tmz
276;marc
276;anthony
276;birthday
276;party
276;new
276;york
276;city
276;nyc
276;the
276;hotel
277;tmz
277;paparazzi
277;ny
277;nyc
277;new
277;york
277;city
277;interview
277;bio
278;the
278;chef
278;late
278;show
278;with
278;david
278;letterman
278;autographs
278;ny
278;nyc
278;new
278;york
278;city
278;tmz
278;paparazzi
278;fans
278;cooking
278;at
278;home
278;ministry
278;of
278;food
278;school
278;recipe
278;recipes
278;italy
278;interview
279;jay
279;marc
279;jacobs
279;spring
279;2009
279;fashion
279;show
279;week
279;new
279;york
279;city
279;nyc
279;tmz
279;paparazzi
279;records
279;tv
279;video
279;rap
279;live
279;interview
279;interviews
279;music
280;girls
280;marc
280;jacobs
280;spring
280;2009
280;collection
280;fashion
280;week
280;nyc
280;tmz
280;paparazzi
281;john
281;new
281;york
281;city
281;paparazzi
281;tmz
281;live
281;interview
281;gossip
281;break
281;up
281;rant
281;love
281;relationship
281;girlfriend
281;dating
281;restaurant
281;ny
281;nyc
282;john
282;new
282;york
282;city
282;paparazzi
282;tmz
283;katie
283;holmes
283;all
283;my
283;sons
283;broadway
283;paparazzi
283;tmz
283;new
283;york
283;city
283;celebrity
283;actress
283;famous
284;lee
284;baby
284;marc
284;anthony
284;birthday
284;party
284;hotel
284;new
284;york
284;city
284;tmz
284;paparazzi
285;marc
285;jacobs
285;spring
285;2009
285;collection
285;new
285;york
285;city
285;fashion
285;show
285;week
285;nyc
285;tmz
285;paparazzi
285;tv
286;movie
286;premiere
286;new
286;york
286;city
286;paparazzi
286;tmz
286;celebrity
286;actress
286;tv
286;hot
286;video
286;feet
286;interview
287;fashion
287;week
287;radio
287;city
287;music
287;hall
287;new
287;york
287;paparazzi
287;tmz
288;robert
288;ny
288;nyc
288;new
288;york
288;city
288;tmz
288;paparazzi
288;hollywood
288;couple
288;like
288;me
288;song
288;singing
288;music
288;sing
288;sings
288;interview
288;scene
288;bio
288;kiss
288;fashion
288;house
288;love
289;new
289;york
289;city
289;fashion
289;week
289;nyc
289;paparazzi
289;celebrity
289;disney
289;famous
289;singer
289;actress
289;pop
289;star
289;hollywood
289;tmz
289;hotel
290;howard
290;late
290;show
290;with
290;david
290;letterman
290;ny
290;nyc
290;new
290;york
290;city
290;tv
290;stand
290;up
291;ben
291;snl
291;saturday
291;night
291;live
291;baby
291;after
291;party
291;nyc
291;new
291;york
291;city
291;tmz
291;paparazzi
292;paparazzi
292;tmz
292;interview
292;bio
292;hot
292;blue
292;commercial
292;movies
292;me
292;for
292;rock
292;music
292;sara
292;ny
292;nyc
292;new
292;york
292;city
293;jones
293;match
293;garden
293;training
293;fight
294;early
294;show
294;interview
294;bio
294;fans
294;autographs
294;tmz
294;paparazzi
294;ny
294;nyc
294;new
294;york
294;city
294;sex
294;and
294;the
294;actress
295;ny
295;nyc
295;new
295;york
295;city
295;actress
295;paparazzi
295;tmz
295;celebrity
295;hollywood
295;wild
295;child
295;island
295;in
295;the
295;sun
295;songs
295;interview
295;singing
295;sings
295;it
295;my
296;van
296;street
296;band
296;ny
296;nyc
296;new
296;york
296;city
296;guitar
296;tmz
297;jack
297;black
297;ny
297;nyc
297;new
297;york
297;city
297;guitar
297;autographs
297;american
297;of
297;the
297;songs
297;sings
297;singing
297;call
297;school
297;rock
297;tribute
297;kiss
297;from
297;metal
298;the
298;late
298;show
298;with
298;david
298;letterman
298;music
298;live
298;interview
298;autographs
298;up
298;with
298;you
298;what
298;love
298;your
298;heart
299;the
299;late
299;show
299;with
299;david
299;letterman
299;music
299;live
299;interview
299;autographs
299;up
299;with
299;you
299;what
299;love
299;your
299;heart
300;james
300;tmz
300;paparazzi
300;couple
300;model
300;actress
300;girlfriend
300;famous
300;celebrity
300;movie
300;love
300;scene
300;interview
300;hot
300;blue
300;kiss
301;kelly
301;family
301;ny
301;nyc
301;paparazzi
301;new
301;york
301;city
301;gossip
301;girl
301;interview
301;bio
301;feet
301;hot
301;autographs
302;ricky
302;late
302;show
302;with
302;david
302;letterman
302;the
302;office
302;comedy
302;comedian
302;politics
302;interview
302;stand
302;up
302;podcast
303;katie
303;holmes
303;tom
303;cruise
303;mary
303;lee
303;mother
303;parents
303;tmz
303;paparazzi
303;ny
303;nyc
303;new
303;york
303;city
303;all
303;my
303;sons
304;james
304;ny
304;nyc
304;new
304;york
304;city
304;paparazzi
304;tmz
304;hot
304;interview
304;blue
304;orlando
304;movies
304;scene
304;superman
304;model
304;dating
304;girlfriend
304;celebrity
304;couple
304;famous
305;radio
305;interview
305;autographs
305;paparazzi
305;tmz
305;ny
305;nyc
305;new
305;york
305;city
305;you
305;on
305;the
305;wall
305;songs
305;miss
305;with
305;music
305;video
305;bio
305;live
305;singing
306;phil
306;genesis
306;autographs
306;fans
306;tmz
306;paparazzi
306;ny
306;nyc
306;new
306;york
306;city
306;guitar
306;game
307;movie
307;premiere
307;ny
307;nyc
307;new
307;york
307;city
307;tmz
307;paparazzi
307;autographs
307;fans
307;what
307;about
308;tmz
308;paparazzi
308;ny
308;nyc
308;new
308;york
308;city
308;interview
308;bio
308;fans
308;movie
308;premiere
309;ford
309;marc
309;jacobs
309;spring
309;2009
309;new
309;york
309;city
309;fashion
309;show
309;week
309;nyc
309;tmz
309;paparazzi
309;collection
310;tom
310;cruise
310;katie
310;holmes
310;all
310;my
310;sons
310;broadway
310;opening
310;night
310;ny
310;nyc
310;new
310;york
310;city
310;tmz
310;paparazzi
311;tom
311;cruise
311;all
311;my
311;sons
311;opening
311;night
311;broadway
311;play
311;katie
311;holmes
311;nyc
311;paparazzi
311;new
311;york
312;the
312;park
312;brooklyn
312;new
312;york
312;city
312;paparazzi
312;tmz
312;model
312;concert
312;girlfriend
560;halfguard_submissions_nogi
561;halfguard_submissions_nogi
314;theatre
314;theater
314;arts
314;economy
314;atlanta
314;women
315;theatre
315;musical
315;atlanta
47;wine
48;tea
562;sports
562;nba
562;football
562;matt_straq
563;sports
563;basketball
564;sports
564;matt_straq
564;guns
564;that_sports_show
565;football
566;sports
566;humor
566;nba
566;matt_straq
566;that_sports_show
566;basketball
567;that_sports_show
568;twitter
569;dercum_mountain
569;outback
569;northpeak
569;ski_keystone
569;keystone_colorado
569;river_run
569;mountain_house
569;36_hours
569;a51
569;area_51
569;a_51
569;independence_bowl
569;adventure_tours
569;freestyle
569;jumps
569;grinds
569;box
569;stunts
569;tricks
569;snowboard_parks
569;snowboard_features
569;ski_heavenly
569;ski_lake_tahoe
569;h
570;dercum_mountain
570;outback
570;northpeak
570;ski_keystone
570;keystone_colorado
570;river_run
570;mountain_house
570;36_hours
570;a51
570;area_51
570;a_51
570;independence_bowl
570;adventure_tours
570;freestyle
570;jumps
570;grinds
570;box
570;stunts
570;tricks
570;snowboard_parks
570;snowboard_features
570;ski_heavenly
570;ski_lake_tahoe
570;h
571;dercum_mountain
571;outback
571;northpeak
571;ski_keystone
571;keystone_colorado
571;river_run
571;mountain_house
571;36_hours
571;a51
571;area_51
571;a_51
571;independence_bowl
571;adventure_tours
571;freestyle
571;jumps
571;grinds
571;box
571;stunts
571;tricks
571;snowboard_parks
571;snowboard_features
571;ski_heavenly
571;ski_lake_tahoe
571;h
572;dercum_mountain
572;outback
572;northpeak
572;ski_keystone
572;keystone_colorado
572;river_run
572;mountain_house
572;36_hours
572;a51
572;area_51
572;a_51
572;independence_bowl
572;adventure_tours
572;freestyle
572;jumps
572;grinds
572;box
572;stunts
572;tricks
572;snowboard_parks
572;snowboard_features
572;ski_heavenly
572;ski_lake_tahoe
572;h
81;jama_report
81;cancer
81;disease
82;jama_report
82;disease
82;healthcare
82;hospital
83;jama_report
83;babies
83;health
84;jama_report
84;disease
84;england
85;jama_report
85;cancer
85;drugs
86;jama_report
86;cancer
86;death
86;women
86;disease
86;hospital
86;daily
87;jama_report
87;back
87;healthcare
87;hospital
88;the_jama_report
88;death
89;fitness
89;jama_report
89;health
89;holiday
89;diet
89;exercise
89;heart
89;elderly
89;fat
89;season
89;winter
90;jama_report
90;us
91;jama_report
91;hiv
91;aids
91;research
92;jama_report
92;hospital
92;health_care
93;the_jama_report
94;the_jama_report
94;2004
94;public
94;elderly
95;jama_report
95;military
95;troops
95;war
95;depression
95;alcohol
96;the_jama_report
96;health
98;jama_report
98;health_care
98;health
99;jama_report
99;women
99;elderly
99;health
99;news
100;economy
100;children
101;jama_report
101;women
101;health
102;the_jama_report
102;drugs
102;elderly
103;the_jama_report
103;parents
103;children
103;health
103;news
104;the_jama_report
104;depression
104;health
105;jama_report
105;death
105;hospital
105;conversation
105;elderly
106;the_jama_report
107;jama_report
107;health_care
107;government
108;jama_report
108;elderly
108;memory
109;jama_report
111;jama_report
111;death
112;jama_report
112;children
112;research
112;exercise
113;jama_report
113;health
113;cigarettes
114;the_jama_report
114;exercise
114;gym
114;improve
114;elderly
115;the_jama_report
115;food
115;diet
115;health
115;boston
117;jama_report
117;death
117;location
117;hospital
117;health_care
118;jama_report
118;health
118;news
118;women
119;jama_report
119;health_care
119;hospital
119;lifestyle
120;the_jama_report
120;health
120;teens
120;blood
120;us
121;jama_report
121;elderly
121;old
122;jama_report
122;women
122;health
122;sexual
122;depression
123;jama_report
123;health
123;elderly
124;jama_report
124;health
125;jama_report
125;women
125;health
125;cancer
126;the_jama_report
126;women
126;health
126;disease
126;heart
126;time
450;tatham
450;ointment
450;politics
450;political
450;daily
450;fake
450;news
450;comedy
450;show
450;iraq
450;obama
450;peace
451;ointment
451;tatham
451;politics
451;fake
451;news
451;comedy
451;daily
451;black
451;white
451;political
452;clinton
452;obama
452;pakistan
452;election
452;2008
452;president
452;news
452;politics
452;daily
452;show
452;tatham
452;ointment
453;clinton
453;politics
453;news
453;man
453;bush
453;tatham
453;ointment
453;fake
453;news
453;comedy
453;daily
453;politics
454;obama
454;clinton
454;election
454;vote
454;primary
454;president
454;politics
454;ointment
454;tatham
454;funny
454;fake
454;news
455;ad
455;campaign
455;commercial
455;tv
455;election
455;hillary_clinton
455;obama
455;tatham
455;ointment
455;politics
455;2008
455;funny
455;comedy
455;spoof
455;daily
456;news
456;politics
456;funny
456;fake
456;comedy
456;tatham
456;ointment
457;hillary_clinton
457;funny
457;fake
457;news
457;the_ointment
457;steve_tatham
457;politics
457;daily
457;show
458;clinton
458;obama
458;funny
458;fake
458;news
458;mccain
458;oil
458;comedy
458;spoof
458;satire
458;ointment
458;steve_tatham
459;obama
459;clinton
459;election
459;politics
459;crack
459;iran
459;news
459;funny
459;fake
459;update
459;ointment
459;daily
459;vlog
459;tatham
459;political
459;humor
460;politics
460;daily
460;fake
460;news
460;comedy
460;ointment
460;tatham
461;youtube
461;florida
461;election
461;daily
461;comedy
461;fake
461;news
461;ointment
461;tatham
461;politics
462;obama
462;clinton
462;election
462;primary
462;indiana
462;funny
462;fake
462;news
462;daily
462;politics
462;political
462;commentary
462;comedian
462;steve_tatham
462;ointment
463;taxes
463;fake
463;news
463;comedy
463;funny
463;politics
463;political
463;tatham
463;ointment
463;vlog
463;daily
464;politics
464;mccain
464;obama
464;clinton
464;politics
464;election
464;comedy
464;funny
464;fake
464;news
464;ointment
464;tatham
465;ointment
465;politics
465;political
465;daily
465;comedy
465;fake
465;news
465;tatham
466;barack_obama
466;hillary_clinton
466;tatham
466;ointment
466;daily
466;funny
466;fake
466;political
466;news
466;politics
466;campaign
466;president
50;wvtv
50;the
50;wine
50;tv
50;sound
505;mary
505;catholic
505;veronica
505;lueken
506;mary
506;catholic
506;bayside
506;veronica
506;lueken
507;mary
507;catholic
507;bayside
507;veronica
507;lueken
508;mary
508;catholic
508;bayside
508;veronica
508;lueken
509;mary
509;catholic
509;bayside
509;veronica
509;lueken
510;christian
510;eells
510;bible
510;gospel
510;unleavened
510;ministry
510;jesus
510;faith
510;religion
510;god
510;davideells
510;ubm
190;short
190;films
190;florida
190;miami
317;v_festival
317;virgin
317;vfest
317;music
317;gig
317;live
317;interview
317;gossip
318;vfestival
318;virgin_festival
318;australia
318;live
318;gig
318;festival
318;music
319;vfestival
319;virgin_festival
319;vfest
319;gig
319;live
319;backstage
319;interview
320;vfestival
320;virgin_festival
320;vfest
320;backstage
320;interview
320;live
320;gig
320;music
321;vfestival
321;vfest
321;virgin_festival
321;australia
321;music
321;live
321;gig
322;virgin_festival
322;australia
322;music
322;gig
322;live
323;v_festival
323;vfest
323;virgin
323;music
323;live
323;gig
323;backstage
324;vfestival
324;virgin_festival
324;australia
324;live
324;music
324;gig
573;chg
573;clubhousegas
573;clubhouse_gas
573;club_house_gas
573;youth_sports
573;sports
573;kids_sports
573;boys_sports
573;girls_sports
573;kids_sports
574;chg
574;clubhousegas
574;clubhouse_gas
574;club_house_gas
574;youth_sports
574;sports
574;kids_sports
574;boys_sports
574;girls_sports
574;sportsmedia
574;sports_blog
574;sports_vlog
574;medical
574;clubhousegas
574;clubhouse_gas
574;club_house_gas
574;youth
511;islam
511;jesus
511;religion
511;bible
511;to
511;science
325;comedy
